Workbook

Sheet How To
A1: Star City Cup tracker
A2: Fill in the white columns. Grey columns calculate themselves. Every tab has a Check column that says OK or tells you what to fix.
A3: All scores are strokes. Lower scores rank higher. Players are picked from the Players tab, so add new players there first.
A5: Each week
A6: 1. On the OHW tab, find this week's block, pick the players, enter their gross scores, and pick the gross and net winners.
A7: 2. Update any Major or Club Championship in progress with players' new best scores.
A8: 3. Enter any league seasons that finished.
A9: Last Week fills itself: the first time a new week's OHW score is entered, the Star City Cup script saves the standings from before that week. (The script is installed once; see the setup guide.)
A11: Tabs
A12: Club Championship: one row per qualifier with their best qualifying score. Pick the bracket result for the top 16 as they're knocked out. Until then, top 16 players are projected at Round of 16 points.
A13: Masters, US Open, The Open, PGA Championship: one row per player with their best score so far. When the Major ends, pick one Winner in each division (Open and Senior). The winner gets 600; anyone tied with the winner is scored from 2nd place down.
A14: Status (Club Championship and Majors): Not started means no points yet. In progress means points are projected from the current leaderboard. Final means points are official, and the script locks the score column (you'll be warned before changing a locked score).
... A19: Web Feed: collects every tab for the web page. Don't edit it, rename it, or change its headings.

Sheet Standings
A1: Rank | B1: Player | C1: Cup Total | D1: Club Championship | E1: Majors | F1: Scramble League | G1: Tuesday Night League | H1: OHW (best 12) | I1: OHW weeks played | J1: Last Week Rank | K1: Move
A2: =IF($B2="","",RANK($C2,$C$2:$C$500)) | B2: =IF(Players!$A2="","",Players!$A2) | C2: =IF($B2="","",SUM(D2:H2)) | D2: =IF($B2="","",SUMIFS('Web Feed'!$O$2:$O$3015,'Web Feed'!$B$2:$B$3015,Points!$A$2,'Web Feed'!$F$2:$F$3015,$B2)+SUMIFS('Web Feed'!$O$2:$O$3015,'Web Feed'!$B$2:$B$3015,Points!$A$2,'Web Feed'!$G$2:$G$3015,$B2)+SUMIFS('Web Feed'!$O$2:$O$3015,'Web Feed'!$B$2:$B$3015,Points!$A$2,'Web Feed'!$H$2:$H$3015,$B2)+SUMIFS('Web Feed'!$O$2:$O$3015,'Web Feed'!$B$2:$B$3015,Points!$A$2,'Web Feed'!$I$2:$I$3015,$B2)) | E2: =IF($B2="","",SUMIFS('Web Feed'!$O$2:$O$3015,'Web Feed'!$B$2:$B$3015,Points!$A$3,'Web Feed'!$F$2:$F$3015,$B2)+SUMIFS('Web Feed'!$O$2:$O$3015,'Web Feed'!$B$2:$B$3015,Points!$A$3,'Web Feed'!$G$2:$G$3015,$B2)+SUMIFS('Web Feed'!$O$2:$O$3015,'Web Feed'!$B$2:$B$3015,Points!$A$3,'Web Feed'!$H$2:$H$3015,$B2)+SUMIFS('Web Feed'!$O$2:$O$3015,'Web Feed'!$B$2:$B$3015,Points!$A$3,'Web Feed'!$I$2:$I$3015,$B2)) | F2: =IF($B2="","",SUMIFS('Web Feed'!$O$2:$O$3015,'Web Feed'!$B$2:$B$3015,Points!$A$4,'Web Feed'!$F$2:$F$3015,$B2)+SUMIFS('Web Feed'!$O$2:$O$3015,'Web Feed'!$B$2:$B$3015,Points!$A$4,'Web Feed'!$G$2:$G$3015,$B2)+SUMIFS('Web Feed'!$O$2:$O$3015,'Web Feed'!$B$2:$B$3015,Points!$A$4,'Web Feed'!$H$2:$H$3015,$B2)+SUMIFS('Web Feed'!$O$2:$O$3015,'Web Feed'!$B$2:$B$3015,Points!$A$4,'Web Feed'!$I$2:$I$3015,$B2)) | G2: =IF($B2="","",SUMIFS('Web Feed'!$O$2:$O$3015,'Web Feed'!$B$2:$B$3015,Points!$A$5,'Web Feed'!$F$2:$F$3015,$B2)+SUMIFS('Web Feed'!$O$2:$O$3015,'Web Feed'!$B$2:$B$3015,Points!$A$5,'Web Feed'!$G$2:$G$3015,$B2)+SUMIFS('Web Feed'!$O$2:$O$3015,'Web Feed'!$B$2:$B$3015,Points!$A$5,'Web Feed'!$H$2:$H$3015,$B2)+SUMIFS('Web Feed'!$O$2:$O$3015,'Web Feed'!$B$2:$B$3015,Points!$A$5,'Web Feed'!$I$2:$I$3015,$B2)) | H2: =IF($B2="","",SUMIFS('Web Feed'!$O$2:$O$3015,'Web Feed'!$B$2:$B$3015,Points!$A$6,'Web Feed'!$F$2:$F$3015,$B2)+SUMIFS('Web Feed'!$O$2:$O$3015,'Web Feed'!$B$2:$B$3015,Points!$A$6,'Web Feed'!$G$2:$G$3015,$B2)+SUMIFS('Web Feed'!$O$2:$O$3015,'Web Feed'!$B$2:$B$3015,Points!$A$6,'Web Feed'!$H$2:$H$3015,$B2)+SUMIFS('Web Feed'!$O$2:$O$3015,'Web Feed'!$B$2:$B$3015,Points!$A$6,'Web Feed'!$I$2:$I$3015,$B2)) | I2: =IF($B2="","",COUNTIFS('Web Feed'!$B$2:$B$3015,"OHW",'Web Feed'!$F$2:$F$3015,$B2)) | J2: =IF($B2="","",IFERROR(INDEX('Last Week'!$A$2:$A$301,MATCH($B2,'Last Week'!$B$2:$B$301,0)),"")) | K2: =IF(OR($B2="",$J2=""),"",$J2-$A2)
A3: =IF($B3="","",RANK($C3,$C$2:$C$500)) | B3: =IF(Players!$A3="","",Players!$A3) | C3: =IF($B3="","",SUM(D3:H3)) | D3: =IF($B3="","",SUMIFS('Web Feed'!$O$2:$O$3015,'Web Feed'!$B$2:$B$3015,Points!$A$2,'Web Feed'!$F$2:$F$3015,$B3)+SUMIFS('Web Feed'!$O$2:$O$3015,'Web Feed'!$B$2:$B$3015,Points!$A$2,'Web Feed'!$G$2:$G$3015,$B3)+SUMIFS('Web Feed'!$O$2:$O$3015,'Web Feed'!$B$2:$B$3015,Points!$A$2,'Web Feed'!$H$2:$H$3015,$B3)+SUMIFS('Web Feed'!$O$2:$O$3015,'Web Feed'!$B$2:$B$3015,Points!$A$2,'Web Feed'!$I$2:$I$3015,$B3)) | E3: =IF($B3="","",SUMIFS('Web Feed'!$O$2:$O$3015,'Web Feed'!$B$2:$B$3015,Points!$A$3,'Web Feed'!$F$2:$F$3015,$B3)+SUMIFS('Web Feed'!$O$2:$O$3015,'Web Feed'!$B$2:$B$3015,Points!$A$3,'Web Feed'!$G$2:$G$3015,$B3)+SUMIFS('Web Feed'!$O$2:$O$3015,'Web Feed'!$B$2:$B$3015,Points!$A$3,'Web Feed'!$H$2:$H$3015,$B3)+SUMIFS('Web Feed'!$O$2:$O$3015,'Web Feed'!$B$2:$B$3015,Points!$A$3,'Web Feed'!$I$2:$I$3015,$B3)) | F3: =IF($B3="","",SUMIFS('Web Feed'!$O$2:$O$3015,'Web Feed'!$B$2:$B$3015,Points!$A$4,'Web Feed'!$F$2:$F$3015,$B3)+SUMIFS('Web Feed'!$O$2:$O$3015,'Web Feed'!$B$2:$B$3015,Points!$A$4,'Web Feed'!$G$2:$G$3015,$B3)+SUMIFS('Web Feed'!$O$2:$O$3015,'Web Feed'!$B$2:$B$3015,Points!$A$4,'Web Feed'!$H$2:$H$3015,$B3)+SUMIFS('Web Feed'!$O$2:$O$3015,'Web Feed'!$B$2:$B$3015,Points!$A$4,'Web Feed'!$I$2:$I$3015,$B3)) | G3: =IF($B3="","",SUMIFS('Web Feed'!$O$2:$O$3015,'Web Feed'!$B$2:$B$3015,Points!$A$5,'Web Feed'!$F$2:$F$3015,$B3)+SUMIFS('Web Feed'!$O$2:$O$3015,'Web Feed'!$B$2:$B$3015,Points!$A$5,'Web Feed'!$G$2:$G$3015,$B3)+SUMIFS('Web Feed'!$O$2:$O$3015,'Web Feed'!$B$2:$B$3015,Points!$A$5,'Web Feed'!$H$2:$H$3015,$B3)+SUMIFS('Web Feed'!$O$2:$O$3015,'Web Feed'!$B$2:$B$3015,Points!$A$5,'Web Feed'!$I$2:$I$3015,$B3)) | H3: =IF($B3="","",SUMIFS('Web Feed'!$O$2:$O$3015,'Web Feed'!$B$2:$B$3015,Points!$A$6,'Web Feed'!$F$2:$F$3015,$B3)+SUMIFS('Web Feed'!$O$2:$O$3015,'Web Feed'!$B$2:$B$3015,Points!$A$6,'Web Feed'!$G$2:$G$3015,$B3)+SUMIFS('Web Feed'!$O$2:$O$3015,'Web Feed'!$B$2:$B$3015,Points!$A$6,'Web Feed'!$H$2:$H$3015,$B3)+SUMIFS('Web Feed'!$O$2:$O$3015,'Web Feed'!$B$2:$B$3015,Points!$A$6,'Web Feed'!$I$2:$I$3015,$B3)) | I3: =IF($B3="","",COUNTIFS('Web Feed'!$B$2:$B$3015,"OHW",'Web Feed'!$F$2:$F$3015,$B3)) | J3: =IF($B3="","",IFERROR(INDEX('Last Week'!$A$2:$A$301,MATCH($B3,'Last Week'!$B$2:$B$301,0)),"")) | K3: =IF(OR($B3="",$J3=""),"",$J3-$A3)
A4: =IF($B4="","",RANK($C4,$C$2:$C$500)) | B4: =IF(Players!$A4="","",Players!$A4) | C4: =IF($B4="","",SUM(D4:H4)) | D4: =IF($B4="","",SUMIFS('Web Feed'!$O$2:$O$3015,'Web Feed'!$B$2:$B$3015,Points!$A$2,'Web Feed'!$F$2:$F$3015,$B4)+SUMIFS('Web Feed'!$O$2:$O$3015,'Web Feed'!$B$2:$B$3015,Points!$A$2,'Web Feed'!$G$2:$G$3015,$B4)+SUMIFS('Web Feed'!$O$2:$O$3015,'Web Feed'!$B$2:$B$3015,Points!$A$2,'Web Feed'!$H$2:$H$3015,$B4)+SUMIFS('Web Feed'!$O$2:$O$3015,'Web Feed'!$B$2:$B$3015,Points!$A$2,'Web Feed'!$I$2:$I$3015,$B4)) | E4: =IF($B4="","",SUMIFS('Web Feed'!$O$2:$O$3015,'Web Feed'!$B$2:$B$3015,Points!$A$3,'Web Feed'!$F$2:$F$3015,$B4)+SUMIFS('Web Feed'!$O$2:$O$3015,'Web Feed'!$B$2:$B$3015,Points!$A$3,'Web Feed'!$G$2:$G$3015,$B4)+SUMIFS('Web Feed'!$O$2:$O$3015,'Web Feed'!$B$2:$B$3015,Points!$A$3,'Web Feed'!$H$2:$H$3015,$B4)+SUMIFS('Web Feed'!$O$2:$O$3015,'Web Feed'!$B$2:$B$3015,Points!$A$3,'Web Feed'!$I$2:$I$3015,$B4)) | F4: =IF($B4="","",SUMIFS('Web Feed'!$O$2:$O$3015,'Web Feed'!$B$2:$B$3015,Points!$A$4,'Web Feed'!$F$2:$F$3015,$B4)+SUMIFS('Web Feed'!$O$2:$O$3015,'Web Feed'!$B$2:$B$3015,Points!$A$4,'Web Feed'!$G$2:$G$3015,$B4)+SUMIFS('Web Feed'!$O$2:$O$3015,'Web Feed'!$B$2:$B$3015,Points!$A$4,'Web Feed'!$H$2:$H$3015,$B4)+SUMIFS('Web Feed'!$O$2:$O$3015,'Web Feed'!$B$2:$B$3015,Points!$A$4,'Web Feed'!$I$2:$I$3015,$B4)) | G4: =IF($B4="","",SUMIFS('Web Feed'!$O$2:$O$3015,'Web Feed'!$B$2:$B$3015,Points!$A$5,'Web Feed'!$F$2:$F$3015,$B4)+SUMIFS('Web Feed'!$O$2:$O$3015,'Web Feed'!$B$2:$B$3015,Points!$A$5,'Web Feed'!$G$2:$G$3015,$B4)+SUMIFS('Web Feed'!$O$2:$O$3015,'Web Feed'!$B$2:$B$3015,Points!$A$5,'Web Feed'!$H$2:$H$3015,$B4)+SUMIFS('Web Feed'!$O$2:$O$3015,'Web Feed'!$B$2:$B$3015,Points!$A$5,'Web Feed'!$I$2:$I$3015,$B4)) | H4: =IF($B4="","",SUMIFS('Web Feed'!$O$2:$O$3015,'Web Feed'!$B$2:$B$3015,Points!$A$6,'Web Feed'!$F$2:$F$3015,$B4)+SUMIFS('Web Feed'!$O$2:$O$3015,'Web Feed'!$B$2:$B$3015,Points!$A$6,'Web Feed'!$G$2:$G$3015,$B4)+SUMIFS('Web Feed'!$O$2:$O$3015,'Web Feed'!$B$2:$B$3015,Points!$A$6,'Web Feed'!$H$2:$H$3015,$B4)+SUMIFS('Web Feed'!$O$2:$O$3015,'Web Feed'!$B$2:$B$3015,Points!$A$6,'Web Feed'!$I$2:$I$3015,$B4)) | I4: =IF($B4="","",COUNTIFS('Web Feed'!$B$2:$B$3015,"OHW",'Web Feed'!$F$2:$F$3015,$B4)) | J4: =IF($B4="","",IFERROR(INDEX('Last Week'!$A$2:$A$301,MATCH($B4,'Last Week'!$B$2:$B$301,0)),"")) | K4: =IF(OR($B4="",$J4=""),"",$J4-$A4)
A5: =IF($B5="","",RANK($C5,$C$2:$C$500)) | B5: =IF(Players!$A5="","",Players!$A5) | C5: =IF($B5="","",SUM(D5:H5)) | D5: =IF($B5="","",SUMIFS('Web Feed'!$O$2:$O$3015,'Web Feed'!$B$2:$B$3015,Points!$A$2,'Web Feed'!$F$2:$F$3015,$B5)+SUMIFS('Web Feed'!$O$2:$O$3015,'Web Feed'!$B$2:$B$3015,Points!$A$2,'Web Feed'!$G$2:$G$3015,$B5)+SUMIFS('Web Feed'!$O$2:$O$3015,'Web Feed'!$B$2:$B$3015,Points!$A$2,'Web Feed'!$H$2:$H$3015,$B5)+SUMIFS('Web Feed'!$O$2:$O$3015,'Web Feed'!$B$2:$B$3015,Points!$A$2,'Web Feed'!$I$2:$I$3015,$B5)) | E5: =IF($B5="","",SUMIFS('Web Feed'!$O$2:$O$3015,'Web Feed'!$B$2:$B$3015,Points!$A$3,'Web Feed'!$F$2:$F$3015,$B5)+SUMIFS('Web Feed'!$O$2:$O$3015,'Web Feed'!$B$2:$B$3015,Points!$A$3,'Web Feed'!$G$2:$G$3015,$B5)+SUMIFS('Web Feed'!$O$2:$O$3015,'Web Feed'!$B$2:$B$3015,Points!$A$3,'Web Feed'!$H$2:$H$3015,$B5)+SUMIFS('Web Feed'!$O$2:$O$3015,'Web Feed'!$B$2:$B$3015,Points!$A$3,'Web Feed'!$I$2:$I$3015,$B5)) | F5: =IF($B5="","",SUMIFS('Web Feed'!$O$2:$O$3015,'Web Feed'!$B$2:$B$3015,Points!$A$4,'Web Feed'!$F$2:$F$3015,$B5)+SUMIFS('Web Feed'!$O$2:$O$3015,'Web Feed'!$B$2:$B$3015,Points!$A$4,'Web Feed'!$G$2:$G$3015,$B5)+SUMIFS('Web Feed'!$O$2:$O$3015,'Web Feed'!$B$2:$B$3015,Points!$A$4,'Web Feed'!$H$2:$H$3015,$B5)+SUMIFS('Web Feed'!$O$2:$O$3015,'Web Feed'!$B$2:$B$3015,Points!$A$4,'Web Feed'!$I$2:$I$3015,$B5)) | G5: =IF($B5="","",SUMIFS('Web Feed'!$O$2:$O$3015,'Web Feed'!$B$2:$B$3015,Points!$A$5,'Web Feed'!$F$2:$F$3015,$B5)+SUMIFS('Web Feed'!$O$2:$O$3015,'Web Feed'!$B$2:$B$3015,Points!$A$5,'Web Feed'!$G$2:$G$3015,$B5)+SUMIFS('Web Feed'!$O$2:$O$3015,'Web Feed'!$B$2:$B$3015,Points!$A$5,'Web Feed'!$H$2:$H$3015,$B5)+SUMIFS('Web Feed'!$O$2:$O$3015,'Web Feed'!$B$2:$B$3015,Points!$A$5,'Web Feed'!$I$2:$I$3015,$B5)) | H5: =IF($B5="","",SUMIFS('Web Feed'!$O$2:$O$3015,'Web Feed'!$B$2:$B$3015,Points!$A$6,'Web Feed'!$F$2:$F$3015,$B5)+SUMIFS('Web Feed'!$O$2:$O$3015,'Web Feed'!$B$2:$B$3015,Points!$A$6,'Web Feed'!$G$2:$G$3015,$B5)+SUMIFS('Web Feed'!$O$2:$O$3015,'Web Feed'!$B$2:$B$3015,Points!$A$6,'Web Feed'!$H$2:$H$3015,$B5)+SUMIFS('Web Feed'!$O$2:$O$3015,'Web Feed'!$B$2:$B$3015,Points!$A$6,'Web Feed'!$I$2:$I$3015,$B5)) | I5: =IF($B5="","",COUNTIFS('Web Feed'!$B$2:$B$3015,"OHW",'Web Feed'!$F$2:$F$3015,$B5)) | J5: =IF($B5="","",IFERROR(INDEX('Last Week'!$A$2:$A$301,MATCH($B5,'Last Week'!$B$2:$B$301,0)),"")) | K5: =IF(OR($B5="",$J5=""),"",$J5-$A5)
A6: =IF($B6="","",RANK($C6,$C$2:$C$500)) | B6: =IF(Players!$A6="","",Players!$A6) | C6: =IF($B6="","",SUM(D6:H6)) | D6: =IF($B6="","",SUMIFS('Web Feed'!$O$2:$O$3015,'Web Feed'!$B$2:$B$3015,Points!$A$2,'Web Feed'!$F$2:$F$3015,$B6)+SUMIFS('Web Feed'!$O$2:$O$3015,'Web Feed'!$B$2:$B$3015,Points!$A$2,'Web Feed'!$G$2:$G$3015,$B6)+SUMIFS('Web Feed'!$O$2:$O$3015,'Web Feed'!$B$2:$B$3015,Points!$A$2,'Web Feed'!$H$2:$H$3015,$B6)+SUMIFS('Web Feed'!$O$2:$O$3015,'Web Feed'!$B$2:$B$3015,Points!$A$2,'Web Feed'!$I$2:$I$3015,$B6)) | E6: =IF($B6="","",SUMIFS('Web Feed'!$O$2:$O$3015,'Web Feed'!$B$2:$B$3015,Points!$A$3,'Web Feed'!$F$2:$F$3015,$B6)+SUMIFS('Web Feed'!$O$2:$O$3015,'Web Feed'!$B$2:$B$3015,Points!$A$3,'Web Feed'!$G$2:$G$3015,$B6)+SUMIFS('Web Feed'!$O$2:$O$3015,'Web Feed'!$B$2:$B$3015,Points!$A$3,'Web Feed'!$H$2:$H$3015,$B6)+SUMIFS('Web Feed'!$O$2:$O$3015,'Web Feed'!$B$2:$B$3015,Points!$A$3,'Web Feed'!$I$2:$I$3015,$B6)) | F6: =IF($B6="","",SUMIFS('Web Feed'!$O$2:$O$3015,'Web Feed'!$B$2:$B$3015,Points!$A$4,'Web Feed'!$F$2:$F$3015,$B6)+SUMIFS('Web Feed'!$O$2:$O$3015,'Web Feed'!$B$2:$B$3015,Points!$A$4,'Web Feed'!$G$2:$G$3015,$B6)+SUMIFS('Web Feed'!$O$2:$O$3015,'Web Feed'!$B$2:$B$3015,Points!$A$4,'Web Feed'!$H$2:$H$3015,$B6)+SUMIFS('Web Feed'!$O$2:$O$3015,'Web Feed'!$B$2:$B$3015,Points!$A$4,'Web Feed'!$I$2:$I$3015,$B6)) | G6: =IF($B6="","",SUMIFS('Web Feed'!$O$2:$O$3015,'Web Feed'!$B$2:$B$3015,Points!$A$5,'Web Feed'!$F$2:$F$3015,$B6)+SUMIFS('Web Feed'!$O$2:$O$3015,'Web Feed'!$B$2:$B$3015,Points!$A$5,'Web Feed'!$G$2:$G$3015,$B6)+SUMIFS('Web Feed'!$O$2:$O$3015,'Web Feed'!$B$2:$B$3015,Points!$A$5,'Web Feed'!$H$2:$H$3015,$B6)+SUMIFS('Web Feed'!$O$2:$O$3015,'Web Feed'!$B$2:$B$3015,Points!$A$5,'Web Feed'!$I$2:$I$3015,$B6)) | H6: =IF($B6="","",SUMIFS('Web Feed'!$O$2:$O$3015,'Web Feed'!$B$2:$B$3015,Points!$A$6,'Web Feed'!$F$2:$F$3015,$B6)+SUMIFS('Web Feed'!$O$2:$O$3015,'Web Feed'!$B$2:$B$3015,Points!$A$6,'Web Feed'!$G$2:$G$3015,$B6)+SUMIFS('Web Feed'!$O$2:$O$3015,'Web Feed'!$B$2:$B$3015,Points!$A$6,'Web Feed'!$H$2:$H$3015,$B6)+SUMIFS('Web Feed'!$O$2:$O$3015,'Web Feed'!$B$2:$B$3015,Points!$A$6,'Web Feed'!$I$2:$I$3015,$B6)) | I6: =IF($B6="","",COUNTIFS('Web Feed'!$B$2:$B$3015,"OHW",'Web Feed'!$F$2:$F$3015,$B6)) | J6: =IF($B6="","",IFERROR(INDEX('Last Week'!$A$2:$A$301,MATCH($B6,'Last Week'!$B$2:$B$301,0)),"")) | K6: =IF(OR($B6="",$J6=""),"",$J6-$A6)
A7: =IF($B7="","",RANK($C7,$C$2:$C$500)) | B7: =IF(Players!$A7="","",Players!$A7) | C7: =IF($B7="","",SUM(D7:H7)) | D7: =IF($B7="","",SUMIFS('Web Feed'!$O$2:$O$3015,'Web Feed'!$B$2:$B$3015,Points!$A$2,'Web Feed'!$F$2:$F$3015,$B7)+SUMIFS('Web Feed'!$O$2:$O$3015,'Web Feed'!$B$2:$B$3015,Points!$A$2,'Web Feed'!$G$2:$G$3015,$B7)+SUMIFS('Web Feed'!$O$2:$O$3015,'Web Feed'!$B$2:$B$3015,Points!$A$2,'Web Feed'!$H$2:$H$3015,$B7)+SUMIFS('Web Feed'!$O$2:$O$3015,'Web Feed'!$B$2:$B$3015,Points!$A$2,'Web Feed'!$I$2:$I$3015,$B7)) | E7: =IF($B7="","",SUMIFS('Web Feed'!$O$2:$O$3015,'Web Feed'!$B$2:$B$3015,Points!$A$3,'Web Feed'!$F$2:$F$3015,$B7)+SUMIFS('Web Feed'!$O$2:$O$3015,'Web Feed'!$B$2:$B$3015,Points!$A$3,'Web Feed'!$G$2:$G$3015,$B7)+SUMIFS('Web Feed'!$O$2:$O$3015,'Web Feed'!$B$2:$B$3015,Points!$A$3,'Web Feed'!$H$2:$H$3015,$B7)+SUMIFS('Web Feed'!$O$2:$O$3015,'Web Feed'!$B$2:$B$3015,Points!$A$3,'Web Feed'!$I$2:$I$3015,$B7)) | F7: =IF($B7="","",SUMIFS('Web Feed'!$O$2:$O$3015,'Web Feed'!$B$2:$B$3015,Points!$A$4,'Web Feed'!$F$2:$F$3015,$B7)+SUMIFS('Web Feed'!$O$2:$O$3015,'Web Feed'!$B$2:$B$3015,Points!$A$4,'Web Feed'!$G$2:$G$3015,$B7)+SUMIFS('Web Feed'!$O$2:$O$3015,'Web Feed'!$B$2:$B$3015,Points!$A$4,'Web Feed'!$H$2:$H$3015,$B7)+SUMIFS('Web Feed'!$O$2:$O$3015,'Web Feed'!$B$2:$B$3015,Points!$A$4,'Web Feed'!$I$2:$I$3015,$B7)) | G7: =IF($B7="","",SUMIFS('Web Feed'!$O$2:$O$3015,'Web Feed'!$B$2:$B$3015,Points!$A$5,'Web Feed'!$F$2:$F$3015,$B7)+SUMIFS('Web Feed'!$O$2:$O$3015,'Web Feed'!$B$2:$B$3015,Points!$A$5,'Web Feed'!$G$2:$G$3015,$B7)+SUMIFS('Web Feed'!$O$2:$O$3015,'Web Feed'!$B$2:$B$3015,Points!$A$5,'Web Feed'!$H$2:$H$3015,$B7)+SUMIFS('Web Feed'!$O$2:$O$3015,'Web Feed'!$B$2:$B$3015,Points!$A$5,'Web Feed'!$I$2:$I$3015,$B7)) | H7: =IF($B7="","",SUMIFS('Web Feed'!$O$2:$O$3015,'Web Feed'!$B$2:$B$3015,Points!$A$6,'Web Feed'!$F$2:$F$3015,$B7)+SUMIFS('Web Feed'!$O$2:$O$3015,'Web Feed'!$B$2:$B$3015,Points!$A$6,'Web Feed'!$G$2:$G$3015,$B7)+SUMIFS('Web Feed'!$O$2:$O$3015,'Web Feed'!$B$2:$B$3015,Points!$A$6,'Web Feed'!$H$2:$H$3015,$B7)+SUMIFS('Web Feed'!$O$2:$O$3015,'Web Feed'!$B$2:$B$3015,Points!$A$6,'Web Feed'!$I$2:$I$3015,$B7)) | I7: =IF($B7="","",COUNTIFS('Web Feed'!$B$2:$B$3015,"OHW",'Web Feed'!$F$2:$F$3015,$B7)) | J7: =IF($B7="","",IFERROR(INDEX('Last Week'!$A$2:$A$301,MATCH($B7,'Last Week'!$B$2:$B$301,0)),"")) | K7: =IF(OR($B7="",$J7=""),"",$J7-$A7)
A8: =IF($B8="","",RANK($C8,$C$2:$C$500)) | B8: =IF(Players!$A8="","",Players!$A8) | C8: =IF($B8="","",SUM(D8:H8)) | D8: =IF($B8="","",SUMIFS('Web Feed'!$O$2:$O$3015,'Web Feed'!$B$2:$B$3015,Points!$A$2,'Web Feed'!$F$2:$F$3015,$B8)+SUMIFS('Web Feed'!$O$2:$O$3015,'Web Feed'!$B$2:$B$3015,Points!$A$2,'Web Feed'!$G$2:$G$3015,$B8)+SUMIFS('Web Feed'!$O$2:$O$3015,'Web Feed'!$B$2:$B$3015,Points!$A$2,'Web Feed'!$H$2:$H$3015,$B8)+SUMIFS('Web Feed'!$O$2:$O$3015,'Web Feed'!$B$2:$B$3015,Points!$A$2,'Web Feed'!$I$2:$I$3015,$B8)) | E8: =IF($B8="","",SUMIFS('Web Feed'!$O$2:$O$3015,'Web Feed'!$B$2:$B$3015,Points!$A$3,'Web Feed'!$F$2:$F$3015,$B8)+SUMIFS('Web Feed'!$O$2:$O$3015,'Web Feed'!$B$2:$B$3015,Points!$A$3,'Web Feed'!$G$2:$G$3015,$B8)+SUMIFS('Web Feed'!$O$2:$O$3015,'Web Feed'!$B$2:$B$3015,Points!$A$3,'Web Feed'!$H$2:$H$3015,$B8)+SUMIFS('Web Feed'!$O$2:$O$3015,'Web Feed'!$B$2:$B$3015,Points!$A$3,'Web Feed'!$I$2:$I$3015,$B8)) | F8: =IF($B8="","",SUMIFS('Web Feed'!$O$2:$O$3015,'Web Feed'!$B$2:$B$3015,Points!$A$4,'Web Feed'!$F$2:$F$3015,$B8)+SUMIFS('Web Feed'!$O$2:$O$3015,'Web Feed'!$B$2:$B$3015,Points!$A$4,'Web Feed'!$G$2:$G$3015,$B8)+SUMIFS('Web Feed'!$O$2:$O$3015,'Web Feed'!$B$2:$B$3015,Points!$A$4,'Web Feed'!$H$2:$H$3015,$B8)+SUMIFS('Web Feed'!$O$2:$O$3015,'Web Feed'!$B$2:$B$3015,Points!$A$4,'Web Feed'!$I$2:$I$3015,$B8)) | G8: =IF($B8="","",SUMIFS('Web Feed'!$O$2:$O$3015,'Web Feed'!$B$2:$B$3015,Points!$A$5,'Web Feed'!$F$2:$F$3015,$B8)+SUMIFS('Web Feed'!$O$2:$O$3015,'Web Feed'!$B$2:$B$3015,Points!$A$5,'Web Feed'!$G$2:$G$3015,$B8)+SUMIFS('Web Feed'!$O$2:$O$3015,'Web Feed'!$B$2:$B$3015,Points!$A$5,'Web Feed'!$H$2:$H$3015,$B8)+SUMIFS('Web Feed'!$O$2:$O$3015,'Web Feed'!$B$2:$B$3015,Points!$A$5,'Web Feed'!$I$2:$I$3015,$B8)) | H8: =IF($B8="","",SUMIFS('Web Feed'!$O$2:$O$3015,'Web Feed'!$B$2:$B$3015,Points!$A$6,'Web Feed'!$F$2:$F$3015,$B8)+SUMIFS('Web Feed'!$O$2:$O$3015,'Web Feed'!$B$2:$B$3015,Points!$A$6,'Web Feed'!$G$2:$G$3015,$B8)+SUMIFS('Web Feed'!$O$2:$O$3015,'Web Feed'!$B$2:$B$3015,Points!$A$6,'Web Feed'!$H$2:$H$3015,$B8)+SUMIFS('Web Feed'!$O$2:$O$3015,'Web Feed'!$B$2:$B$3015,Points!$A$6,'Web Feed'!$I$2:$I$3015,$B8)) | I8: =IF($B8="","",COUNTIFS('Web Feed'!$B$2:$B$3015,"OHW",'Web Feed'!$F$2:$F$3015,$B8)) | J8: =IF($B8="","",IFERROR(INDEX('Last Week'!$A$2:$A$301,MATCH($B8,'Last Week'!$B$2:$B$301,0)),"")) | K8: =IF(OR($B8="",$J8=""),"",$J8-$A8)
A9: =IF($B9="","",RANK($C9,$C$2:$C$500)) | B9: =IF(Players!$A9="","",Players!$A9) | C9: =IF($B9="","",SUM(D9:H9)) | D9: =IF($B9="","",SUMIFS('Web Feed'!$O$2:$O$3015,'Web Feed'!$B$2:$B$3015,Points!$A$2,'Web Feed'!$F$2:$F$3015,$B9)+SUMIFS('Web Feed'!$O$2:$O$3015,'Web Feed'!$B$2:$B$3015,Points!$A$2,'Web Feed'!$G$2:$G$3015,$B9)+SUMIFS('Web Feed'!$O$2:$O$3015,'Web Feed'!$B$2:$B$3015,Points!$A$2,'Web Feed'!$H$2:$H$3015,$B9)+SUMIFS('Web Feed'!$O$2:$O$3015,'Web Feed'!$B$2:$B$3015,Points!$A$2,'Web Feed'!$I$2:$I$3015,$B9)) | E9: =IF($B9="","",SUMIFS('Web Feed'!$O$2:$O$3015,'Web Feed'!$B$2:$B$3015,Points!$A$3,'Web Feed'!$F$2:$F$3015,$B9)+SUMIFS('Web Feed'!$O$2:$O$3015,'Web Feed'!$B$2:$B$3015,Points!$A$3,'Web Feed'!$G$2:$G$3015,$B9)+SUMIFS('Web Feed'!$O$2:$O$3015,'Web Feed'!$B$2:$B$3015,Points!$A$3,'Web Feed'!$H$2:$H$3015,$B9)+SUMIFS('Web Feed'!$O$2:$O$3015,'Web Feed'!$B$2:$B$3015,Points!$A$3,'Web Feed'!$I$2:$I$3015,$B9)) | F9: =IF($B9="","",SUMIFS('Web Feed'!$O$2:$O$3015,'Web Feed'!$B$2:$B$3015,Points!$A$4,'Web Feed'!$F$2:$F$3015,$B9)+SUMIFS('Web Feed'!$O$2:$O$3015,'Web Feed'!$B$2:$B$3015,Points!$A$4,'Web Feed'!$G$2:$G$3015,$B9)+SUMIFS('Web Feed'!$O$2:$O$3015,'Web Feed'!$B$2:$B$3015,Points!$A$4,'Web Feed'!$H$2:$H$3015,$B9)+SUMIFS('Web Feed'!$O$2:$O$3015,'Web Feed'!$B$2:$B$3015,Points!$A$4,'Web Feed'!$I$2:$I$3015,$B9)) | G9: =IF($B9="","",SUMIFS('Web Feed'!$O$2:$O$3015,'Web Feed'!$B$2:$B$3015,Points!$A$5,'Web Feed'!$F$2:$F$3015,$B9)+SUMIFS('Web Feed'!$O$2:$O$3015,'Web Feed'!$B$2:$B$3015,Points!$A$5,'Web Feed'!$G$2:$G$3015,$B9)+SUMIFS('Web Feed'!$O$2:$O$3015,'Web Feed'!$B$2:$B$3015,Points!$A$5,'Web Feed'!$H$2:$H$3015,$B9)+SUMIFS('Web Feed'!$O$2:$O$3015,'Web Feed'!$B$2:$B$3015,Points!$A$5,'Web Feed'!$I$2:$I$3015,$B9)) | H9: =IF($B9="","",SUMIFS('Web Feed'!$O$2:$O$3015,'Web Feed'!$B$2:$B$3015,Points!$A$6,'Web Feed'!$F$2:$F$3015,$B9)+SUMIFS('Web Feed'!$O$2:$O$3015,'Web Feed'!$B$2:$B$3015,Points!$A$6,'Web Feed'!$G$2:$G$3015,$B9)+SUMIFS('Web Feed'!$O$2:$O$3015,'Web Feed'!$B$2:$B$3015,Points!$A$6,'Web Feed'!$H$2:$H$3015,$B9)+SUMIFS('Web Feed'!$O$2:$O$3015,'Web Feed'!$B$2:$B$3015,Points!$A$6,'Web Feed'!$I$2:$I$3015,$B9)) | I9: =IF($B9="","",COUNTIFS('Web Feed'!$B$2:$B$3015,"OHW",'Web Feed'!$F$2:$F$3015,$B9)) | J9: =IF($B9="","",IFERROR(INDEX('Last Week'!$A$2:$A$301,MATCH($B9,'Last Week'!$B$2:$B$301,0)),"")) | K9: =IF(OR($B9="",$J9=""),"",$J9-$A9)
A10: =IF($B10="","",RANK($C10,$C$2:$C$500)) | B10: =IF(Players!$A10="","",Players!$A10) | C10: =IF($B10="","",SUM(D10:H10)) | D10: =IF($B10="","",SUMIFS('Web Feed'!$O$2:$O$3015,'Web Feed'!$B$2:$B$3015,Points!$A$2,'Web Feed'!$F$2:$F$3015,$B10)+SUMIFS('Web Feed'!$O$2:$O$3015,'Web Feed'!$B$2:$B$3015,Points!$A$2,'Web Feed'!$G$2:$G$3015,$B10)+SUMIFS('Web Feed'!$O$2:$O$3015,'Web Feed'!$B$2:$B$3015,Points!$A$2,'Web Feed'!$H$2:$H$3015,$B10)+SUMIFS('Web Feed'!$O$2:$O$3015,'Web Feed'!$B$2:$B$3015,Points!$A$2,'Web Feed'!$I$2:$I$3015,$B10)) | E10: =IF($B10="","",SUMIFS('Web Feed'!$O$2:$O$3015,'Web Feed'!$B$2:$B$3015,Points!$A$3,'Web Feed'!$F$2:$F$3015,$B10)+SUMIFS('Web Feed'!$O$2:$O$3015,'Web Feed'!$B$2:$B$3015,Points!$A$3,'Web Feed'!$G$2:$G$3015,$B10)+SUMIFS('Web Feed'!$O$2:$O$3015,'Web Feed'!$B$2:$B$3015,Points!$A$3,'Web Feed'!$H$2:$H$3015,$B10)+SUMIFS('Web Feed'!$O$2:$O$3015,'Web Feed'!$B$2:$B$3015,Points!$A$3,'Web Feed'!$I$2:$I$3015,$B10)) | F10: =IF($B10="","",SUMIFS('Web Feed'!$O$2:$O$3015,'Web Feed'!$B$2:$B$3015,Points!$A$4,'Web Feed'!$F$2:$F$3015,$B10)+SUMIFS('Web Feed'!$O$2:$O$3015,'Web Feed'!$B$2:$B$3015,Points!$A$4,'Web Feed'!$G$2:$G$3015,$B10)+SUMIFS('Web Feed'!$O$2:$O$3015,'Web Feed'!$B$2:$B$3015,Points!$A$4,'Web Feed'!$H$2:$H$3015,$B10)+SUMIFS('Web Feed'!$O$2:$O$3015,'Web Feed'!$B$2:$B$3015,Points!$A$4,'Web Feed'!$I$2:$I$3015,$B10)) | G10: =IF($B10="","",SUMIFS('Web Feed'!$O$2:$O$3015,'Web Feed'!$B$2:$B$3015,Points!$A$5,'Web Feed'!$F$2:$F$3015,$B10)+SUMIFS('Web Feed'!$O$2:$O$3015,'Web Feed'!$B$2:$B$3015,Points!$A$5,'Web Feed'!$G$2:$G$3015,$B10)+SUMIFS('Web Feed'!$O$2:$O$3015,'Web Feed'!$B$2:$B$3015,Points!$A$5,'Web Feed'!$H$2:$H$3015,$B10)+SUMIFS('Web Feed'!$O$2:$O$3015,'Web Feed'!$B$2:$B$3015,Points!$A$5,'Web Feed'!$I$2:$I$3015,$B10)) | H10: =IF($B10="","",SUMIFS('Web Feed'!$O$2:$O$3015,'Web Feed'!$B$2:$B$3015,Points!$A$6,'Web Feed'!$F$2:$F$3015,$B10)+SUMIFS('Web Feed'!$O$2:$O$3015,'Web Feed'!$B$2:$B$3015,Points!$A$6,'Web Feed'!$G$2:$G$3015,$B10)+SUMIFS('Web Feed'!$O$2:$O$3015,'Web Feed'!$B$2:$B$3015,Points!$A$6,'Web Feed'!$H$2:$H$3015,$B10)+SUMIFS('Web Feed'!$O$2:$O$3015,'Web Feed'!$B$2:$B$3015,Points!$A$6,'Web Feed'!$I$2:$I$3015,$B10)) | I10: =IF($B10="","",COUNTIFS('Web Feed'!$B$2:$B$3015,"OHW",'Web Feed'!$F$2:$F$3015,$B10)) | J10: =IF($B10="","",IFERROR(INDEX('Last Week'!$A$2:$A$301,MATCH($B10,'Last Week'!$B$2:$B$301,0)),"")) | K10: =IF(OR($B10="",$J10=""),"",$J10-$A10)
A11: =IF($B11="","",RANK($C11,$C$2:$C$500)) | B11: =IF(Players!$A11="","",Players!$A11) | C11: =IF($B11="","",SUM(D11:H11)) | D11: =IF($B11="","",SUMIFS('Web Feed'!$O$2:$O$3015,'Web Feed'!$B$2:$B$3015,Points!$A$2,'Web Feed'!$F$2:$F$3015,$B11)+SUMIFS('Web Feed'!$O$2:$O$3015,'Web Feed'!$B$2:$B$3015,Points!$A$2,'Web Feed'!$G$2:$G$3015,$B11)+SUMIFS('Web Feed'!$O$2:$O$3015,'Web Feed'!$B$2:$B$3015,Points!$A$2,'Web Feed'!$H$2:$H$3015,$B11)+SUMIFS('Web Feed'!$O$2:$O$3015,'Web Feed'!$B$2:$B$3015,Points!$A$2,'Web Feed'!$I$2:$I$3015,$B11)) | E11: =IF($B11="","",SUMIFS('Web Feed'!$O$2:$O$3015,'Web Feed'!$B$2:$B$3015,Points!$A$3,'Web Feed'!$F$2:$F$3015,$B11)+SUMIFS('Web Feed'!$O$2:$O$3015,'Web Feed'!$B$2:$B$3015,Points!$A$3,'Web Feed'!$G$2:$G$3015,$B11)+SUMIFS('Web Feed'!$O$2:$O$3015,'Web Feed'!$B$2:$B$3015,Points!$A$3,'Web Feed'!$H$2:$H$3015,$B11)+SUMIFS('Web Feed'!$O$2:$O$3015,'Web Feed'!$B$2:$B$3015,Points!$A$3,'Web Feed'!$I$2:$I$3015,$B11)) | F11: =IF($B11="","",SUMIFS('Web Feed'!$O$2:$O$3015,'Web Feed'!$B$2:$B$3015,Points!$A$4,'Web Feed'!$F$2:$F$3015,$B11)+SUMIFS('Web Feed'!$O$2:$O$3015,'Web Feed'!$B$2:$B$3015,Points!$A$4,'Web Feed'!$G$2:$G$3015,$B11)+SUMIFS('Web Feed'!$O$2:$O$3015,'Web Feed'!$B$2:$B$3015,Points!$A$4,'Web Feed'!$H$2:$H$3015,$B11)+SUMIFS('Web Feed'!$O$2:$O$3015,'Web Feed'!$B$2:$B$3015,Points!$A$4,'Web Feed'!$I$2:$I$3015,$B11)) | G11: =IF($B11="","",SUMIFS('Web Feed'!$O$2:$O$3015,'Web Feed'!$B$2:$B$3015,Points!$A$5,'Web Feed'!$F$2:$F$3015,$B11)+SUMIFS('Web Feed'!$O$2:$O$3015,'Web Feed'!$B$2:$B$3015,Points!$A$5,'Web Feed'!$G$2:$G$3015,$B11)+SUMIFS('Web Feed'!$O$2:$O$3015,'Web Feed'!$B$2:$B$3015,Points!$A$5,'Web Feed'!$H$2:$H$3015,$B11)+SUMIFS('Web Feed'!$O$2:$O$3015,'Web Feed'!$B$2:$B$3015,Points!$A$5,'Web Feed'!$I$2:$I$3015,$B11)) | H11: =IF($B11="","",SUMIFS('Web Feed'!$O$2:$O$3015,'Web Feed'!$B$2:$B$3015,Points!$A$6,'Web Feed'!$F$2:$F$3015,$B11)+SUMIFS('Web Feed'!$O$2:$O$3015,'Web Feed'!$B$2:$B$3015,Points!$A$6,'Web Feed'!$G$2:$G$3015,$B11)+SUMIFS('Web Feed'!$O$2:$O$3015,'Web Feed'!$B$2:$B$3015,Points!$A$6,'Web Feed'!$H$2:$H$3015,$B11)+SUMIFS('Web Feed'!$O$2:$O$3015,'Web Feed'!$B$2:$B$3015,Points!$A$6,'Web Feed'!$I$2:$I$3015,$B11)) | I11: =IF($B11="","",COUNTIFS('Web Feed'!$B$2:$B$3015,"OHW",'Web Feed'!$F$2:$F$3015,$B11)) | J11: =IF($B11="","",IFERROR(INDEX('Last Week'!$A$2:$A$301,MATCH($B11,'Last Week'!$B$2:$B$301,0)),"")) | K11: =IF(OR($B11="",$J11=""),"",$J11-$A11)
A12: =IF($B12="","",RANK($C12,$C$2:$C$500)) | B12: =IF(Players!$A12="","",Players!$A12) | C12: =IF($B12="","",SUM(D12:H12)) | D12: =IF($B12="","",SUMIFS('Web Feed'!$O$2:$O$3015,'Web Feed'!$B$2:$B$3015,Points!$A$2,'Web Feed'!$F$2:$F$3015,$B12)+SUMIFS('Web Feed'!$O$2:$O$3015,'Web Feed'!$B$2:$B$3015,Points!$A$2,'Web Feed'!$G$2:$G$3015,$B12)+SUMIFS('Web Feed'!$O$2:$O$3015,'Web Feed'!$B$2:$B$3015,Points!$A$2,'Web Feed'!$H$2:$H$3015,$B12)+SUMIFS('Web Feed'!$O$2:$O$3015,'Web Feed'!$B$2:$B$3015,Points!$A$2,'Web Feed'!$I$2:$I$3015,$B12)) | E12: =IF($B12="","",SUMIFS('Web Feed'!$O$2:$O$3015,'Web Feed'!$B$2:$B$3015,Points!$A$3,'Web Feed'!$F$2:$F$3015,$B12)+SUMIFS('Web Feed'!$O$2:$O$3015,'Web Feed'!$B$2:$B$3015,Points!$A$3,'Web Feed'!$G$2:$G$3015,$B12)+SUMIFS('Web Feed'!$O$2:$O$3015,'Web Feed'!$B$2:$B$3015,Points!$A$3,'Web Feed'!$H$2:$H$3015,$B12)+SUMIFS('Web Feed'!$O$2:$O$3015,'Web Feed'!$B$2:$B$3015,Points!$A$3,'Web Feed'!$I$2:$I$3015,$B12)) | F12: =IF($B12="","",SUMIFS('Web Feed'!$O$2:$O$3015,'Web Feed'!$B$2:$B$3015,Points!$A$4,'Web Feed'!$F$2:$F$3015,$B12)+SUMIFS('Web Feed'!$O$2:$O$3015,'Web Feed'!$B$2:$B$3015,Points!$A$4,'Web Feed'!$G$2:$G$3015,$B12)+SUMIFS('Web Feed'!$O$2:$O$3015,'Web Feed'!$B$2:$B$3015,Points!$A$4,'Web Feed'!$H$2:$H$3015,$B12)+SUMIFS('Web Feed'!$O$2:$O$3015,'Web Feed'!$B$2:$B$3015,Points!$A$4,'Web Feed'!$I$2:$I$3015,$B12)) | G12: =IF($B12="","",SUMIFS('Web Feed'!$O$2:$O$3015,'Web Feed'!$B$2:$B$3015,Points!$A$5,'Web Feed'!$F$2:$F$3015,$B12)+SUMIFS('Web Feed'!$O$2:$O$3015,'Web Feed'!$B$2:$B$3015,Points!$A$5,'Web Feed'!$G$2:$G$3015,$B12)+SUMIFS('Web Feed'!$O$2:$O$3015,'Web Feed'!$B$2:$B$3015,Points!$A$5,'Web Feed'!$H$2:$H$3015,$B12)+SUMIFS('Web Feed'!$O$2:$O$3015,'Web Feed'!$B$2:$B$3015,Points!$A$5,'Web Feed'!$I$2:$I$3015,$B12)) | H12: =IF($B12="","",SUMIFS('Web Feed'!$O$2:$O$3015,'Web Feed'!$B$2:$B$3015,Points!$A$6,'Web Feed'!$F$2:$F$3015,$B12)+SUMIFS('Web Feed'!$O$2:$O$3015,'Web Feed'!$B$2:$B$3015,Points!$A$6,'Web Feed'!$G$2:$G$3015,$B12)+SUMIFS('Web Feed'!$O$2:$O$3015,'Web Feed'!$B$2:$B$3015,Points!$A$6,'Web Feed'!$H$2:$H$3015,$B12)+SUMIFS('Web Feed'!$O$2:$O$3015,'Web Feed'!$B$2:$B$3015,Points!$A$6,'Web Feed'!$I$2:$I$3015,$B12)) | I12: =IF($B12="","",COUNTIFS('Web Feed'!$B$2:$B$3015,"OHW",'Web Feed'!$F$2:$F$3015,$B12)) | J12: =IF($B12="","",IFERROR(INDEX('Last Week'!$A$2:$A$301,MATCH($B12,'Last Week'!$B$2:$B$301,0)),"")) | K12: =IF(OR($B12="",$J12=""),"",$J12-$A12)
A13: =IF($B13="","",RANK($C13,$C$2:$C$500)) | B13: =IF(Players!$A13="","",Players!$A13) | C13: =IF($B13="","",SUM(D13:H13)) | D13: =IF($B13="","",SUMIFS('Web Feed'!$O$2:$O$3015,'Web Feed'!$B$2:$B$3015,Points!$A$2,'Web Feed'!$F$2:$F$3015,$B13)+SUMIFS('Web Feed'!$O$2:$O$3015,'Web Feed'!$B$2:$B$3015,Points!$A$2,'Web Feed'!$G$2:$G$3015,$B13)+SUMIFS('Web Feed'!$O$2:$O$3015,'Web Feed'!$B$2:$B$3015,Points!$A$2,'Web Feed'!$H$2:$H$3015,$B13)+SUMIFS('Web Feed'!$O$2:$O$3015,'Web Feed'!$B$2:$B$3015,Points!$A$2,'Web Feed'!$I$2:$I$3015,$B13)) | E13: =IF($B13="","",SUMIFS('Web Feed'!$O$2:$O$3015,'Web Feed'!$B$2:$B$3015,Points!$A$3,'Web Feed'!$F$2:$F$3015,$B13)+SUMIFS('Web Feed'!$O$2:$O$3015,'Web Feed'!$B$2:$B$3015,Points!$A$3,'Web Feed'!$G$2:$G$3015,$B13)+SUMIFS('Web Feed'!$O$2:$O$3015,'Web Feed'!$B$2:$B$3015,Points!$A$3,'Web Feed'!$H$2:$H$3015,$B13)+SUMIFS('Web Feed'!$O$2:$O$3015,'Web Feed'!$B$2:$B$3015,Points!$A$3,'Web Feed'!$I$2:$I$3015,$B13)) | F13: =IF($B13="","",SUMIFS('Web Feed'!$O$2:$O$3015,'Web Feed'!$B$2:$B$3015,Points!$A$4,'Web Feed'!$F$2:$F$3015,$B13)+SUMIFS('Web Feed'!$O$2:$O$3015,'Web Feed'!$B$2:$B$3015,Points!$A$4,'Web Feed'!$G$2:$G$3015,$B13)+SUMIFS('Web Feed'!$O$2:$O$3015,'Web Feed'!$B$2:$B$3015,Points!$A$4,'Web Feed'!$H$2:$H$3015,$B13)+SUMIFS('Web Feed'!$O$2:$O$3015,'Web Feed'!$B$2:$B$3015,Points!$A$4,'Web Feed'!$I$2:$I$3015,$B13)) | G13: =IF($B13="","",SUMIFS('Web Feed'!$O$2:$O$3015,'Web Feed'!$B$2:$B$3015,Points!$A$5,'Web Feed'!$F$2:$F$3015,$B13)+SUMIFS('Web Feed'!$O$2:$O$3015,'Web Feed'!$B$2:$B$3015,Points!$A$5,'Web Feed'!$G$2:$G$3015,$B13)+SUMIFS('Web Feed'!$O$2:$O$3015,'Web Feed'!$B$2:$B$3015,Points!$A$5,'Web Feed'!$H$2:$H$3015,$B13)+SUMIFS('Web Feed'!$O$2:$O$3015,'Web Feed'!$B$2:$B$3015,Points!$A$5,'Web Feed'!$I$2:$I$3015,$B13)) | H13: =IF($B13="","",SUMIFS('Web Feed'!$O$2:$O$3015,'Web Feed'!$B$2:$B$3015,Points!$A$6,'Web Feed'!$F$2:$F$3015,$B13)+SUMIFS('Web Feed'!$O$2:$O$3015,'Web Feed'!$B$2:$B$3015,Points!$A$6,'Web Feed'!$G$2:$G$3015,$B13)+SUMIFS('Web Feed'!$O$2:$O$3015,'Web Feed'!$B$2:$B$3015,Points!$A$6,'Web Feed'!$H$2:$H$3015,$B13)+SUMIFS('Web Feed'!$O$2:$O$3015,'Web Feed'!$B$2:$B$3015,Points!$A$6,'Web Feed'!$I$2:$I$3015,$B13)) | I13: =IF($B13="","",COUNTIFS('Web Feed'!$B$2:$B$3015,"OHW",'Web Feed'!$F$2:$F$3015,$B13)) | J13: =IF($B13="","",IFERROR(INDEX('Last Week'!$A$2:$A$301,MATCH($B13,'Last Week'!$B$2:$B$301,0)),"")) | K13: =IF(OR($B13="",$J13=""),"",$J13-$A13)
... A500: =IF($B500="","",RANK($C500,$C$2:$C$500)) | B500: =IF(Players!$A500="","",Players!$A500) | C500: =IF($B500="","",SUM(D500:H500)) | D500: =IF($B500="","",SUMIFS('Web Feed'!$O$2:$O$3015,'Web Feed'!$B$2:$B$3015,Points!$A$2,'Web Feed'!$F$2:$F$3015,$B500)+SUMIFS('Web Feed'!$O$2:$O$3015,'Web Feed'!$B$2:$B$3015,Points!$A$2,'Web Feed'!$G$2:$G$3015,$B500)+SUMIFS('Web Feed'!$O$2:$O$3015,'Web Feed'!$B$2:$B$3015,Points!$A$2,'Web Feed'!$H$2:$H$3015,$B500)+SUMIFS('Web Feed'!$O$2:$O$3015,'Web Feed'!$B$2:$B$3015,Points!$A$2,'Web Feed'!$I$2:$I$3015,$B500)) | E500: =IF($B500="","",SUMIFS('Web Feed'!$O$2:$O$3015,'Web Feed'!$B$2:$B$3015,Points!$A$3,'Web Feed'!$F$2:$F$3015,$B500)+SUMIFS('Web Feed'!$O$2:$O$3015,'Web Feed'!$B$2:$B$3015,Points!$A$3,'Web Feed'!$G$2:$G$3015,$B500)+SUMIFS('Web Feed'!$O$2:$O$3015,'Web Feed'!$B$2:$B$3015,Points!$A$3,'Web Feed'!$H$2:$H$3015,$B500)+SUMIFS('Web Feed'!$O$2:$O$3015,'Web Feed'!$B$2:$B$3015,Points!$A$3,'Web Feed'!$I$2:$I$3015,$B500)) | F500: =IF($B500="","",SUMIFS('Web Feed'!$O$2:$O$3015,'Web Feed'!$B$2:$B$3015,Points!$A$4,'Web Feed'!$F$2:$F$3015,$B500)+SUMIFS('Web Feed'!$O$2:$O$3015,'Web Feed'!$B$2:$B$3015,Points!$A$4,'Web Feed'!$G$2:$G$3015,$B500)+SUMIFS('Web Feed'!$O$2:$O$3015,'Web Feed'!$B$2:$B$3015,Points!$A$4,'Web Feed'!$H$2:$H$3015,$B500)+SUMIFS('Web Feed'!$O$2:$O$3015,'Web Feed'!$B$2:$B$3015,Points!$A$4,'Web Feed'!$I$2:$I$3015,$B500)) | G500: =IF($B500="","",SUMIFS('Web Feed'!$O$2:$O$3015,'Web Feed'!$B$2:$B$3015,Points!$A$5,'Web Feed'!$F$2:$F$3015,$B500)+SUMIFS('Web Feed'!$O$2:$O$3015,'Web Feed'!$B$2:$B$3015,Points!$A$5,'Web Feed'!$G$2:$G$3015,$B500)+SUMIFS('Web Feed'!$O$2:$O$3015,'Web Feed'!$B$2:$B$3015,Points!$A$5,'Web Feed'!$H$2:$H$3015,$B500)+SUMIFS('Web Feed'!$O$2:$O$3015,'Web Feed'!$B$2:$B$3015,Points!$A$5,'Web Feed'!$I$2:$I$3015,$B500)) | H500: =IF($B500="","",SUMIFS('Web Feed'!$O$2:$O$3015,'Web Feed'!$B$2:$B$3015,Points!$A$6,'Web Feed'!$F$2:$F$3015,$B500)+SUMIFS('Web Feed'!$O$2:$O$3015,'Web Feed'!$B$2:$B$3015,Points!$A$6,'Web Feed'!$G$2:$G$3015,$B500)+SUMIFS('Web Feed'!$O$2:$O$3015,'Web Feed'!$B$2:$B$3015,Points!$A$6,'Web Feed'!$H$2:$H$3015,$B500)+SUMIFS('Web Feed'!$O$2:$O$3015,'Web Feed'!$B$2:$B$3015,Points!$A$6,'Web Feed'!$I$2:$I$3015,$B500)) | I500: =IF($B500="","",COUNTIFS('Web Feed'!$B$2:$B$3015,"OHW",'Web Feed'!$F$2:$F$3015,$B500)) | J500: =IF($B500="","",IFERROR(INDEX('Last Week'!$A$2:$A$301,MATCH($B500,'Last Week'!$B$2:$B$301,0)),"")) | K500: =IF(OR($B500="",$J500=""),"",$J500-$A500)

Sheet Last Week
A1: Rank | B1: Player | C1: Cup Total | E1: Filled by the Star City Cup script when a new OHW week starts. No need to edit.

Sheet Players
A1: Player | B1: Division (Open or Senior)

Sheet Club Championship
A1: Club Championship | D1: One row per player. Enter their best qualifying score; add the bracket result for the top 16.
A2: Status | B2: Not started | C2: In progress: points are projected from the leaderboard. Final: points are official and the scores lock.
A3: End date
A5: Player | B5: Best Qualifying Score (strokes) | C5: Bracket Result (top 16) | D5: Qualifying Rank | E5: Field | F5: Points | G5: Status | H5: Check
D6: =IF(OR($A6="",NOT(ISNUMBER($B6))),"",COUNTIF($B$6:$B$155,"<"&$B6)+1) | E6: =IF($A6="","",COUNT($B$6:$B$155)) | F6: =IF(OR($A6="",$B$2="Not started"),"",IF($C6<>"",IFERROR(VLOOKUP($C6,Points!$D$2:$E$6,2,FALSE),""),IF(NOT(ISNUMBER($B6)),"",IF($D6<=16,Points!$E$6,IF($D6<=32,Points!$H$2,Points!$H$3))))) | G6: =IF($A6="","",IF($B$2="Final","Final",IF($B$2="In progress","Projected","Not started"))) | H6: =IF($A6="","",IF(COUNTIF(Players!$A$2:$A$500,$A6)=0,"Player is not on the Players tab",IF(COUNTIF($A$6:$A$155,$A6)>1,"Player is listed twice",IF($B$2="Not started","Set Status to In progress to count points",IF(AND($C6="",NOT(ISNUMBER($B6))),"Enter a qualifying score",IF(AND($C6<>"",ISNUMBER($D6),N($D6)>16),"Bracket result for a player ranked below 16th",IF(AND($B$2="Final",$C6="",N($D6)<=16),"Top 16: enter the bracket result","OK")))))))
D7: =IF(OR($A7="",NOT(ISNUMBER($B7))),"",COUNTIF($B$6:$B$155,"<"&$B7)+1) | E7: =IF($A7="","",COUNT($B$6:$B$155)) | F7: =IF(OR($A7="",$B$2="Not started"),"",IF($C7<>"",IFERROR(VLOOKUP($C7,Points!$D$2:$E$6,2,FALSE),""),IF(NOT(ISNUMBER($B7)),"",IF($D7<=16,Points!$E$6,IF($D7<=32,Points!$H$2,Points!$H$3))))) | G7: =IF($A7="","",IF($B$2="Final","Final",IF($B$2="In progress","Projected","Not started"))) | H7: =IF($A7="","",IF(COUNTIF(Players!$A$2:$A$500,$A7)=0,"Player is not on the Players tab",IF(COUNTIF($A$6:$A$155,$A7)>1,"Player is listed twice",IF($B$2="Not started","Set Status to In progress to count points",IF(AND($C7="",NOT(ISNUMBER($B7))),"Enter a qualifying score",IF(AND($C7<>"",ISNUMBER($D7),N($D7)>16),"Bracket result for a player ranked below 16th",IF(AND($B$2="Final",$C7="",N($D7)<=16),"Top 16: enter the bracket result","OK")))))))
D8: =IF(OR($A8="",NOT(ISNUMBER($B8))),"",COUNTIF($B$6:$B$155,"<"&$B8)+1) | E8: =IF($A8="","",COUNT($B$6:$B$155)) | F8: =IF(OR($A8="",$B$2="Not started"),"",IF($C8<>"",IFERROR(VLOOKUP($C8,Points!$D$2:$E$6,2,FALSE),""),IF(NOT(ISNUMBER($B8)),"",IF($D8<=16,Points!$E$6,IF($D8<=32,Points!$H$2,Points!$H$3))))) | G8: =IF($A8="","",IF($B$2="Final","Final",IF($B$2="In progress","Projected","Not started"))) | H8: =IF($A8="","",IF(COUNTIF(Players!$A$2:$A$500,$A8)=0,"Player is not on the Players tab",IF(COUNTIF($A$6:$A$155,$A8)>1,"Player is listed twice",IF($B$2="Not started","Set Status to In progress to count points",IF(AND($C8="",NOT(ISNUMBER($B8))),"Enter a qualifying score",IF(AND($C8<>"",ISNUMBER($D8),N($D8)>16),"Bracket result for a player ranked below 16th",IF(AND($B$2="Final",$C8="",N($D8)<=16),"Top 16: enter the bracket result","OK")))))))
D9: =IF(OR($A9="",NOT(ISNUMBER($B9))),"",COUNTIF($B$6:$B$155,"<"&$B9)+1) | E9: =IF($A9="","",COUNT($B$6:$B$155)) | F9: =IF(OR($A9="",$B$2="Not started"),"",IF($C9<>"",IFERROR(VLOOKUP($C9,Points!$D$2:$E$6,2,FALSE),""),IF(NOT(ISNUMBER($B9)),"",IF($D9<=16,Points!$E$6,IF($D9<=32,Points!$H$2,Points!$H$3))))) | G9: =IF($A9="","",IF($B$2="Final","Final",IF($B$2="In progress","Projected","Not started"))) | H9: =IF($A9="","",IF(COUNTIF(Players!$A$2:$A$500,$A9)=0,"Player is not on the Players tab",IF(COUNTIF($A$6:$A$155,$A9)>1,"Player is listed twice",IF($B$2="Not started","Set Status to In progress to count points",IF(AND($C9="",NOT(ISNUMBER($B9))),"Enter a qualifying score",IF(AND($C9<>"",ISNUMBER($D9),N($D9)>16),"Bracket result for a player ranked below 16th",IF(AND($B$2="Final",$C9="",N($D9)<=16),"Top 16: enter the bracket result","OK")))))))
D10: =IF(OR($A10="",NOT(ISNUMBER($B10))),"",COUNTIF($B$6:$B$155,"<"&$B10)+1) | E10: =IF($A10="","",COUNT($B$6:$B$155)) | F10: =IF(OR($A10="",$B$2="Not started"),"",IF($C10<>"",IFERROR(VLOOKUP($C10,Points!$D$2:$E$6,2,FALSE),""),IF(NOT(ISNUMBER($B10)),"",IF($D10<=16,Points!$E$6,IF($D10<=32,Points!$H$2,Points!$H$3))))) | G10: =IF($A10="","",IF($B$2="Final","Final",IF($B$2="In progress","Projected","Not started"))) | H10: =IF($A10="","",IF(COUNTIF(Players!$A$2:$A$500,$A10)=0,"Player is not on the Players tab",IF(COUNTIF($A$6:$A$155,$A10)>1,"Player is listed twice",IF($B$2="Not started","Set Status to In progress to count points",IF(AND($C10="",NOT(ISNUMBER($B10))),"Enter a qualifying score",IF(AND($C10<>"",ISNUMBER($D10),N($D10)>16),"Bracket result for a player ranked below 16th",IF(AND($B$2="Final",$C10="",N($D10)<=16),"Top 16: enter the bracket result","OK")))))))
D11: =IF(OR($A11="",NOT(ISNUMBER($B11))),"",COUNTIF($B$6:$B$155,"<"&$B11)+1) | E11: =IF($A11="","",COUNT($B$6:$B$155)) | F11: =IF(OR($A11="",$B$2="Not started"),"",IF($C11<>"",IFERROR(VLOOKUP($C11,Points!$D$2:$E$6,2,FALSE),""),IF(NOT(ISNUMBER($B11)),"",IF($D11<=16,Points!$E$6,IF($D11<=32,Points!$H$2,Points!$H$3))))) | G11: =IF($A11="","",IF($B$2="Final","Final",IF($B$2="In progress","Projected","Not started"))) | H11: =IF($A11="","",IF(COUNTIF(Players!$A$2:$A$500,$A11)=0,"Player is not on the Players tab",IF(COUNTIF($A$6:$A$155,$A11)>1,"Player is listed twice",IF($B$2="Not started","Set Status to In progress to count points",IF(AND($C11="",NOT(ISNUMBER($B11))),"Enter a qualifying score",IF(AND($C11<>"",ISNUMBER($D11),N($D11)>16),"Bracket result for a player ranked below 16th",IF(AND($B$2="Final",$C11="",N($D11)<=16),"Top 16: enter the bracket result","OK")))))))
D12: =IF(OR($A12="",NOT(ISNUMBER($B12))),"",COUNTIF($B$6:$B$155,"<"&$B12)+1) | E12: =IF($A12="","",COUNT($B$6:$B$155)) | F12: =IF(OR($A12="",$B$2="Not started"),"",IF($C12<>"",IFERROR(VLOOKUP($C12,Points!$D$2:$E$6,2,FALSE),""),IF(NOT(ISNUMBER($B12)),"",IF($D12<=16,Points!$E$6,IF($D12<=32,Points!$H$2,Points!$H$3))))) | G12: =IF($A12="","",IF($B$2="Final","Final",IF($B$2="In progress","Projected","Not started"))) | H12: =IF($A12="","",IF(COUNTIF(Players!$A$2:$A$500,$A12)=0,"Player is not on the Players tab",IF(COUNTIF($A$6:$A$155,$A12)>1,"Player is listed twice",IF($B$2="Not started","Set Status to In progress to count points",IF(AND($C12="",NOT(ISNUMBER($B12))),"Enter a qualifying score",IF(AND($C12<>"",ISNUMBER($D12),N($D12)>16),"Bracket result for a player ranked below 16th",IF(AND($B$2="Final",$C12="",N($D12)<=16),"Top 16: enter the bracket result","OK")))))))
D13: =IF(OR($A13="",NOT(ISNUMBER($B13))),"",COUNTIF($B$6:$B$155,"<"&$B13)+1) | E13: =IF($A13="","",COUNT($B$6:$B$155)) | F13: =IF(OR($A13="",$B$2="Not started"),"",IF($C13<>"",IFERROR(VLOOKUP($C13,Points!$D$2:$E$6,2,FALSE),""),IF(NOT(ISNUMBER($B13)),"",IF($D13<=16,Points!$E$6,IF($D13<=32,Points!$H$2,Points!$H$3))))) | G13: =IF($A13="","",IF($B$2="Final","Final",IF($B$2="In progress","Projected","Not started"))) | H13: =IF($A13="","",IF(COUNTIF(Players!$A$2:$A$500,$A13)=0,"Player is not on the Players tab",IF(COUNTIF($A$6:$A$155,$A13)>1,"Player is listed twice",IF($B$2="Not started","Set Status to In progress to count points",IF(AND($C13="",NOT(ISNUMBER($B13))),"Enter a qualifying score",IF(AND($C13<>"",ISNUMBER($D13),N($D13)>16),"Bracket result for a player ranked below 16th",IF(AND($B$2="Final",$C13="",N($D13)<=16),"Top 16: enter the bracket result","OK")))))))
D14: =IF(OR($A14="",NOT(ISNUMBER($B14))),"",COUNTIF($B$6:$B$155,"<"&$B14)+1) | E14: =IF($A14="","",COUNT($B$6:$B$155)) | F14: =IF(OR($A14="",$B$2="Not started"),"",IF($C14<>"",IFERROR(VLOOKUP($C14,Points!$D$2:$E$6,2,FALSE),""),IF(NOT(ISNUMBER($B14)),"",IF($D14<=16,Points!$E$6,IF($D14<=32,Points!$H$2,Points!$H$3))))) | G14: =IF($A14="","",IF($B$2="Final","Final",IF($B$2="In progress","Projected","Not started"))) | H14: =IF($A14="","",IF(COUNTIF(Players!$A$2:$A$500,$A14)=0,"Player is not on the Players tab",IF(COUNTIF($A$6:$A$155,$A14)>1,"Player is listed twice",IF($B$2="Not started","Set Status to In progress to count points",IF(AND($C14="",NOT(ISNUMBER($B14))),"Enter a qualifying score",IF(AND($C14<>"",ISNUMBER($D14),N($D14)>16),"Bracket result for a player ranked below 16th",IF(AND($B$2="Final",$C14="",N($D14)<=16),"Top 16: enter the bracket result","OK")))))))
D15: =IF(OR($A15="",NOT(ISNUMBER($B15))),"",COUNTIF($B$6:$B$155,"<"&$B15)+1) | E15: =IF($A15="","",COUNT($B$6:$B$155)) | F15: =IF(OR($A15="",$B$2="Not started"),"",IF($C15<>"",IFERROR(VLOOKUP($C15,Points!$D$2:$E$6,2,FALSE),""),IF(NOT(ISNUMBER($B15)),"",IF($D15<=16,Points!$E$6,IF($D15<=32,Points!$H$2,Points!$H$3))))) | G15: =IF($A15="","",IF($B$2="Final","Final",IF($B$2="In progress","Projected","Not started"))) | H15: =IF($A15="","",IF(COUNTIF(Players!$A$2:$A$500,$A15)=0,"Player is not on the Players tab",IF(COUNTIF($A$6:$A$155,$A15)>1,"Player is listed twice",IF($B$2="Not started","Set Status to In progress to count points",IF(AND($C15="",NOT(ISNUMBER($B15))),"Enter a qualifying score",IF(AND($C15<>"",ISNUMBER($D15),N($D15)>16),"Bracket result for a player ranked below 16th",IF(AND($B$2="Final",$C15="",N($D15)<=16),"Top 16: enter the bracket result","OK")))))))
D16: =IF(OR($A16="",NOT(ISNUMBER($B16))),"",COUNTIF($B$6:$B$155,"<"&$B16)+1) | E16: =IF($A16="","",COUNT($B$6:$B$155)) | F16: =IF(OR($A16="",$B$2="Not started"),"",IF($C16<>"",IFERROR(VLOOKUP($C16,Points!$D$2:$E$6,2,FALSE),""),IF(NOT(ISNUMBER($B16)),"",IF($D16<=16,Points!$E$6,IF($D16<=32,Points!$H$2,Points!$H$3))))) | G16: =IF($A16="","",IF($B$2="Final","Final",IF($B$2="In progress","Projected","Not started"))) | H16: =IF($A16="","",IF(COUNTIF(Players!$A$2:$A$500,$A16)=0,"Player is not on the Players tab",IF(COUNTIF($A$6:$A$155,$A16)>1,"Player is listed twice",IF($B$2="Not started","Set Status to In progress to count points",IF(AND($C16="",NOT(ISNUMBER($B16))),"Enter a qualifying score",IF(AND($C16<>"",ISNUMBER($D16),N($D16)>16),"Bracket result for a player ranked below 16th",IF(AND($B$2="Final",$C16="",N($D16)<=16),"Top 16: enter the bracket result","OK")))))))
D17: =IF(OR($A17="",NOT(ISNUMBER($B17))),"",COUNTIF($B$6:$B$155,"<"&$B17)+1) | E17: =IF($A17="","",COUNT($B$6:$B$155)) | F17: =IF(OR($A17="",$B$2="Not started"),"",IF($C17<>"",IFERROR(VLOOKUP($C17,Points!$D$2:$E$6,2,FALSE),""),IF(NOT(ISNUMBER($B17)),"",IF($D17<=16,Points!$E$6,IF($D17<=32,Points!$H$2,Points!$H$3))))) | G17: =IF($A17="","",IF($B$2="Final","Final",IF($B$2="In progress","Projected","Not started"))) | H17: =IF($A17="","",IF(COUNTIF(Players!$A$2:$A$500,$A17)=0,"Player is not on the Players tab",IF(COUNTIF($A$6:$A$155,$A17)>1,"Player is listed twice",IF($B$2="Not started","Set Status to In progress to count points",IF(AND($C17="",NOT(ISNUMBER($B17))),"Enter a qualifying score",IF(AND($C17<>"",ISNUMBER($D17),N($D17)>16),"Bracket result for a player ranked below 16th",IF(AND($B$2="Final",$C17="",N($D17)<=16),"Top 16: enter the bracket result","OK")))))))
... D155: =IF(OR($A155="",NOT(ISNUMBER($B155))),"",COUNTIF($B$6:$B$155,"<"&$B155)+1) | E155: =IF($A155="","",COUNT($B$6:$B$155)) | F155: =IF(OR($A155="",$B$2="Not started"),"",IF($C155<>"",IFERROR(VLOOKUP($C155,Points!$D$2:$E$6,2,FALSE),""),IF(NOT(ISNUMBER($B155)),"",IF($D155<=16,Points!$E$6,IF($D155<=32,Points!$H$2,Points!$H$3))))) | G155: =IF($A155="","",IF($B$2="Final","Final",IF($B$2="In progress","Projected","Not started"))) | H155: =IF($A155="","",IF(COUNTIF(Players!$A$2:$A$500,$A155)=0,"Player is not on the Players tab",IF(COUNTIF($A$6:$A$155,$A155)>1,"Player is listed twice",IF($B$2="Not started","Set Status to In progress to count points",IF(AND($C155="",NOT(ISNUMBER($B155))),"Enter a qualifying score",IF(AND($C155<>"",ISNUMBER($D155),N($D155)>16),"Bracket result for a player ranked below 16th",IF(AND($B$2="Final",$C155="",N($D155)<=16),"Top 16: enter the bracket result","OK")))))))

Sheet Masters
A1: Masters | D1: One row per player. Enter their best score so far in strokes; type over it when they beat it.
A2: Status | B2: Not started | C2: In progress: points are projected from the leaderboard. Final: points are official and the scores lock.
A3: End date
A4: Division comes from the Players tab. Open and Senior are ranked separately. Pick one Winner per division; anyone tied with the winner is scored from 2nd place down.
A6: Player | B6: Best Score (strokes) | C6: Winner | D6: Division | E6: Rank | F6: Field | G6: Points | H6: Status | I6: Check | J6: Tied
D7: =IF($A7="","",IFERROR(IF(VLOOKUP($A7,Players!$A$2:$B$500,2,FALSE)="","Open",VLOOKUP($A7,Players!$A$2:$B$500,2,FALSE)),"Open")) | E7: =IF(OR($A7="",NOT(ISNUMBER($B7))),"",IF($C7="Winner",1,COUNTIFS($D$7:$D$156,$D7,$B$7:$B$156,"<"&$B7)+1+IF(AND(NOT($C7="Winner"),COUNTIFS($D$7:$D$156,$D7,$C$7:$C$156,"Winner",$B$7:$B$156,$B7)>0),1,0))) | F7: =IF(OR($A7="",NOT(ISNUMBER($B7))),"",COUNTIFS($D$7:$D$156,$D7,$B$7:$B$156,">0")) | G7: =IF(OR(OR($A7="",NOT(ISNUMBER($B7))),$B$2="Not started"),"",IF($C7="Winner",Points!$B$3,ROUND(Points!$B$3*IF($F7<=1,1,Points!$H$7+(1-Points!$H$7)*((($F7-$E7)*(($F7-$E7)+1)/2)^2-((($F7-$E7-$J7+1)-1)*($F7-$E7-$J7+1)/2)^2)/($J7*($F7-1)^3)),0))) | H7: =IF($A7="","",IF($B$2="Final","Final",IF($B$2="In progress","Projected","Not started"))) | I7: =IF($A7="","",IF(COUNTIF(Players!$A$2:$A$500,$A7)=0,"Player is not on the Players tab",IF(COUNTIF($A$7:$A$156,$A7)>1,"Player is listed twice",IF(NOT(ISNUMBER($B7)),"Enter a score",IF(COUNTIFS($D$7:$D$156,$D7,$C$7:$C$156,"Winner")>1,"More than one "&$D7&" winner picked",IF(AND($C7="Winner",COUNTIFS($D$7:$D$156,$D7,$B$7:$B$156,"<"&$B7)>0),"The winner doesn't have the best "&$D7&" score",IF(AND($B$2="Final",COUNTIFS($D$7:$D$156,$D7,$C$7:$C$156,"Winner")=0),"Final: pick the "&$D7&" winner",IF($B$2="Not started","Set Status to In progress to count points","OK")))))))) | J7: =IF(OR($A7="",NOT(ISNUMBER($B7))),"",IF($C7="Winner",1,COUNTIFS($D$7:$D$156,$D7,$B$7:$B$156,$B7)-IF(AND(NOT($C7="Winner"),COUNTIFS($D$7:$D$156,$D7,$C$7:$C$156,"Winner",$B$7:$B$156,$B7)>0),1,0)))
D8: =IF($A8="","",IFERROR(IF(VLOOKUP($A8,Players!$A$2:$B$500,2,FALSE)="","Open",VLOOKUP($A8,Players!$A$2:$B$500,2,FALSE)),"Open")) | E8: =IF(OR($A8="",NOT(ISNUMBER($B8))),"",IF($C8="Winner",1,COUNTIFS($D$7:$D$156,$D8,$B$7:$B$156,"<"&$B8)+1+IF(AND(NOT($C8="Winner"),COUNTIFS($D$7:$D$156,$D8,$C$7:$C$156,"Winner",$B$7:$B$156,$B8)>0),1,0))) | F8: =IF(OR($A8="",NOT(ISNUMBER($B8))),"",COUNTIFS($D$7:$D$156,$D8,$B$7:$B$156,">0")) | G8: =IF(OR(OR($A8="",NOT(ISNUMBER($B8))),$B$2="Not started"),"",IF($C8="Winner",Points!$B$3,ROUND(Points!$B$3*IF($F8<=1,1,Points!$H$7+(1-Points!$H$7)*((($F8-$E8)*(($F8-$E8)+1)/2)^2-((($F8-$E8-$J8+1)-1)*($F8-$E8-$J8+1)/2)^2)/($J8*($F8-1)^3)),0))) | H8: =IF($A8="","",IF($B$2="Final","Final",IF($B$2="In progress","Projected","Not started"))) | I8: =IF($A8="","",IF(COUNTIF(Players!$A$2:$A$500,$A8)=0,"Player is not on the Players tab",IF(COUNTIF($A$7:$A$156,$A8)>1,"Player is listed twice",IF(NOT(ISNUMBER($B8)),"Enter a score",IF(COUNTIFS($D$7:$D$156,$D8,$C$7:$C$156,"Winner")>1,"More than one "&$D8&" winner picked",IF(AND($C8="Winner",COUNTIFS($D$7:$D$156,$D8,$B$7:$B$156,"<"&$B8)>0),"The winner doesn't have the best "&$D8&" score",IF(AND($B$2="Final",COUNTIFS($D$7:$D$156,$D8,$C$7:$C$156,"Winner")=0),"Final: pick the "&$D8&" winner",IF($B$2="Not started","Set Status to In progress to count points","OK")))))))) | J8: =IF(OR($A8="",NOT(ISNUMBER($B8))),"",IF($C8="Winner",1,COUNTIFS($D$7:$D$156,$D8,$B$7:$B$156,$B8)-IF(AND(NOT($C8="Winner"),COUNTIFS($D$7:$D$156,$D8,$C$7:$C$156,"Winner",$B$7:$B$156,$B8)>0),1,0)))
D9: =IF($A9="","",IFERROR(IF(VLOOKUP($A9,Players!$A$2:$B$500,2,FALSE)="","Open",VLOOKUP($A9,Players!$A$2:$B$500,2,FALSE)),"Open")) | E9: =IF(OR($A9="",NOT(ISNUMBER($B9))),"",IF($C9="Winner",1,COUNTIFS($D$7:$D$156,$D9,$B$7:$B$156,"<"&$B9)+1+IF(AND(NOT($C9="Winner"),COUNTIFS($D$7:$D$156,$D9,$C$7:$C$156,"Winner",$B$7:$B$156,$B9)>0),1,0))) | F9: =IF(OR($A9="",NOT(ISNUMBER($B9))),"",COUNTIFS($D$7:$D$156,$D9,$B$7:$B$156,">0")) | G9: =IF(OR(OR($A9="",NOT(ISNUMBER($B9))),$B$2="Not started"),"",IF($C9="Winner",Points!$B$3,ROUND(Points!$B$3*IF($F9<=1,1,Points!$H$7+(1-Points!$H$7)*((($F9-$E9)*(($F9-$E9)+1)/2)^2-((($F9-$E9-$J9+1)-1)*($F9-$E9-$J9+1)/2)^2)/($J9*($F9-1)^3)),0))) | H9: =IF($A9="","",IF($B$2="Final","Final",IF($B$2="In progress","Projected","Not started"))) | I9: =IF($A9="","",IF(COUNTIF(Players!$A$2:$A$500,$A9)=0,"Player is not on the Players tab",IF(COUNTIF($A$7:$A$156,$A9)>1,"Player is listed twice",IF(NOT(ISNUMBER($B9)),"Enter a score",IF(COUNTIFS($D$7:$D$156,$D9,$C$7:$C$156,"Winner")>1,"More than one "&$D9&" winner picked",IF(AND($C9="Winner",COUNTIFS($D$7:$D$156,$D9,$B$7:$B$156,"<"&$B9)>0),"The winner doesn't have the best "&$D9&" score",IF(AND($B$2="Final",COUNTIFS($D$7:$D$156,$D9,$C$7:$C$156,"Winner")=0),"Final: pick the "&$D9&" winner",IF($B$2="Not started","Set Status to In progress to count points","OK")))))))) | J9: =IF(OR($A9="",NOT(ISNUMBER($B9))),"",IF($C9="Winner",1,COUNTIFS($D$7:$D$156,$D9,$B$7:$B$156,$B9)-IF(AND(NOT($C9="Winner"),COUNTIFS($D$7:$D$156,$D9,$C$7:$C$156,"Winner",$B$7:$B$156,$B9)>0),1,0)))
D10: =IF($A10="","",IFERROR(IF(VLOOKUP($A10,Players!$A$2:$B$500,2,FALSE)="","Open",VLOOKUP($A10,Players!$A$2:$B$500,2,FALSE)),"Open")) | E10: =IF(OR($A10="",NOT(ISNUMBER($B10))),"",IF($C10="Winner",1,COUNTIFS($D$7:$D$156,$D10,$B$7:$B$156,"<"&$B10)+1+IF(AND(NOT($C10="Winner"),COUNTIFS($D$7:$D$156,$D10,$C$7:$C$156,"Winner",$B$7:$B$156,$B10)>0),1,0))) | F10: =IF(OR($A10="",NOT(ISNUMBER($B10))),"",COUNTIFS($D$7:$D$156,$D10,$B$7:$B$156,">0")) | G10: =IF(OR(OR($A10="",NOT(ISNUMBER($B10))),$B$2="Not started"),"",IF($C10="Winner",Points!$B$3,ROUND(Points!$B$3*IF($F10<=1,1,Points!$H$7+(1-Points!$H$7)*((($F10-$E10)*(($F10-$E10)+1)/2)^2-((($F10-$E10-$J10+1)-1)*($F10-$E10-$J10+1)/2)^2)/($J10*($F10-1)^3)),0))) | H10: =IF($A10="","",IF($B$2="Final","Final",IF($B$2="In progress","Projected","Not started"))) | I10: =IF($A10="","",IF(COUNTIF(Players!$A$2:$A$500,$A10)=0,"Player is not on the Players tab",IF(COUNTIF($A$7:$A$156,$A10)>1,"Player is listed twice",IF(NOT(ISNUMBER($B10)),"Enter a score",IF(COUNTIFS($D$7:$D$156,$D10,$C$7:$C$156,"Winner")>1,"More than one "&$D10&" winner picked",IF(AND($C10="Winner",COUNTIFS($D$7:$D$156,$D10,$B$7:$B$156,"<"&$B10)>0),"The winner doesn't have the best "&$D10&" score",IF(AND($B$2="Final",COUNTIFS($D$7:$D$156,$D10,$C$7:$C$156,"Winner")=0),"Final: pick the "&$D10&" winner",IF($B$2="Not started","Set Status to In progress to count points","OK")))))))) | J10: =IF(OR($A10="",NOT(ISNUMBER($B10))),"",IF($C10="Winner",1,COUNTIFS($D$7:$D$156,$D10,$B$7:$B$156,$B10)-IF(AND(NOT($C10="Winner"),COUNTIFS($D$7:$D$156,$D10,$C$7:$C$156,"Winner",$B$7:$B$156,$B10)>0),1,0)))
D11: =IF($A11="","",IFERROR(IF(VLOOKUP($A11,Players!$A$2:$B$500,2,FALSE)="","Open",VLOOKUP($A11,Players!$A$2:$B$500,2,FALSE)),"Open")) | E11: =IF(OR($A11="",NOT(ISNUMBER($B11))),"",IF($C11="Winner",1,COUNTIFS($D$7:$D$156,$D11,$B$7:$B$156,"<"&$B11)+1+IF(AND(NOT($C11="Winner"),COUNTIFS($D$7:$D$156,$D11,$C$7:$C$156,"Winner",$B$7:$B$156,$B11)>0),1,0))) | F11: =IF(OR($A11="",NOT(ISNUMBER($B11))),"",COUNTIFS($D$7:$D$156,$D11,$B$7:$B$156,">0")) | G11: =IF(OR(OR($A11="",NOT(ISNUMBER($B11))),$B$2="Not started"),"",IF($C11="Winner",Points!$B$3,ROUND(Points!$B$3*IF($F11<=1,1,Points!$H$7+(1-Points!$H$7)*((($F11-$E11)*(($F11-$E11)+1)/2)^2-((($F11-$E11-$J11+1)-1)*($F11-$E11-$J11+1)/2)^2)/($J11*($F11-1)^3)),0))) | H11: =IF($A11="","",IF($B$2="Final","Final",IF($B$2="In progress","Projected","Not started"))) | I11: =IF($A11="","",IF(COUNTIF(Players!$A$2:$A$500,$A11)=0,"Player is not on the Players tab",IF(COUNTIF($A$7:$A$156,$A11)>1,"Player is listed twice",IF(NOT(ISNUMBER($B11)),"Enter a score",IF(COUNTIFS($D$7:$D$156,$D11,$C$7:$C$156,"Winner")>1,"More than one "&$D11&" winner picked",IF(AND($C11="Winner",COUNTIFS($D$7:$D$156,$D11,$B$7:$B$156,"<"&$B11)>0),"The winner doesn't have the best "&$D11&" score",IF(AND($B$2="Final",COUNTIFS($D$7:$D$156,$D11,$C$7:$C$156,"Winner")=0),"Final: pick the "&$D11&" winner",IF($B$2="Not started","Set Status to In progress to count points","OK")))))))) | J11: =IF(OR($A11="",NOT(ISNUMBER($B11))),"",IF($C11="Winner",1,COUNTIFS($D$7:$D$156,$D11,$B$7:$B$156,$B11)-IF(AND(NOT($C11="Winner"),COUNTIFS($D$7:$D$156,$D11,$C$7:$C$156,"Winner",$B$7:$B$156,$B11)>0),1,0)))
D12: =IF($A12="","",IFERROR(IF(VLOOKUP($A12,Players!$A$2:$B$500,2,FALSE)="","Open",VLOOKUP($A12,Players!$A$2:$B$500,2,FALSE)),"Open")) | E12: =IF(OR($A12="",NOT(ISNUMBER($B12))),"",IF($C12="Winner",1,COUNTIFS($D$7:$D$156,$D12,$B$7:$B$156,"<"&$B12)+1+IF(AND(NOT($C12="Winner"),COUNTIFS($D$7:$D$156,$D12,$C$7:$C$156,"Winner",$B$7:$B$156,$B12)>0),1,0))) | F12: =IF(OR($A12="",NOT(ISNUMBER($B12))),"",COUNTIFS($D$7:$D$156,$D12,$B$7:$B$156,">0")) | G12: =IF(OR(OR($A12="",NOT(ISNUMBER($B12))),$B$2="Not started"),"",IF($C12="Winner",Points!$B$3,ROUND(Points!$B$3*IF($F12<=1,1,Points!$H$7+(1-Points!$H$7)*((($F12-$E12)*(($F12-$E12)+1)/2)^2-((($F12-$E12-$J12+1)-1)*($F12-$E12-$J12+1)/2)^2)/($J12*($F12-1)^3)),0))) | H12: =IF($A12="","",IF($B$2="Final","Final",IF($B$2="In progress","Projected","Not started"))) | I12: =IF($A12="","",IF(COUNTIF(Players!$A$2:$A$500,$A12)=0,"Player is not on the Players tab",IF(COUNTIF($A$7:$A$156,$A12)>1,"Player is listed twice",IF(NOT(ISNUMBER($B12)),"Enter a score",IF(COUNTIFS($D$7:$D$156,$D12,$C$7:$C$156,"Winner")>1,"More than one "&$D12&" winner picked",IF(AND($C12="Winner",COUNTIFS($D$7:$D$156,$D12,$B$7:$B$156,"<"&$B12)>0),"The winner doesn't have the best "&$D12&" score",IF(AND($B$2="Final",COUNTIFS($D$7:$D$156,$D12,$C$7:$C$156,"Winner")=0),"Final: pick the "&$D12&" winner",IF($B$2="Not started","Set Status to In progress to count points","OK")))))))) | J12: =IF(OR($A12="",NOT(ISNUMBER($B12))),"",IF($C12="Winner",1,COUNTIFS($D$7:$D$156,$D12,$B$7:$B$156,$B12)-IF(AND(NOT($C12="Winner"),COUNTIFS($D$7:$D$156,$D12,$C$7:$C$156,"Winner",$B$7:$B$156,$B12)>0),1,0)))
D13: =IF($A13="","",IFERROR(IF(VLOOKUP($A13,Players!$A$2:$B$500,2,FALSE)="","Open",VLOOKUP($A13,Players!$A$2:$B$500,2,FALSE)),"Open")) | E13: =IF(OR($A13="",NOT(ISNUMBER($B13))),"",IF($C13="Winner",1,COUNTIFS($D$7:$D$156,$D13,$B$7:$B$156,"<"&$B13)+1+IF(AND(NOT($C13="Winner"),COUNTIFS($D$7:$D$156,$D13,$C$7:$C$156,"Winner",$B$7:$B$156,$B13)>0),1,0))) | F13: =IF(OR($A13="",NOT(ISNUMBER($B13))),"",COUNTIFS($D$7:$D$156,$D13,$B$7:$B$156,">0")) | G13: =IF(OR(OR($A13="",NOT(ISNUMBER($B13))),$B$2="Not started"),"",IF($C13="Winner",Points!$B$3,ROUND(Points!$B$3*IF($F13<=1,1,Points!$H$7+(1-Points!$H$7)*((($F13-$E13)*(($F13-$E13)+1)/2)^2-((($F13-$E13-$J13+1)-1)*($F13-$E13-$J13+1)/2)^2)/($J13*($F13-1)^3)),0))) | H13: =IF($A13="","",IF($B$2="Final","Final",IF($B$2="In progress","Projected","Not started"))) | I13: =IF($A13="","",IF(COUNTIF(Players!$A$2:$A$500,$A13)=0,"Player is not on the Players tab",IF(COUNTIF($A$7:$A$156,$A13)>1,"Player is listed twice",IF(NOT(ISNUMBER($B13)),"Enter a score",IF(COUNTIFS($D$7:$D$156,$D13,$C$7:$C$156,"Winner")>1,"More than one "&$D13&" winner picked",IF(AND($C13="Winner",COUNTIFS($D$7:$D$156,$D13,$B$7:$B$156,"<"&$B13)>0),"The winner doesn't have the best "&$D13&" score",IF(AND($B$2="Final",COUNTIFS($D$7:$D$156,$D13,$C$7:$C$156,"Winner")=0),"Final: pick the "&$D13&" winner",IF($B$2="Not started","Set Status to In progress to count points","OK")))))))) | J13: =IF(OR($A13="",NOT(ISNUMBER($B13))),"",IF($C13="Winner",1,COUNTIFS($D$7:$D$156,$D13,$B$7:$B$156,$B13)-IF(AND(NOT($C13="Winner"),COUNTIFS($D$7:$D$156,$D13,$C$7:$C$156,"Winner",$B$7:$B$156,$B13)>0),1,0)))
D14: =IF($A14="","",IFERROR(IF(VLOOKUP($A14,Players!$A$2:$B$500,2,FALSE)="","Open",VLOOKUP($A14,Players!$A$2:$B$500,2,FALSE)),"Open")) | E14: =IF(OR($A14="",NOT(ISNUMBER($B14))),"",IF($C14="Winner",1,COUNTIFS($D$7:$D$156,$D14,$B$7:$B$156,"<"&$B14)+1+IF(AND(NOT($C14="Winner"),COUNTIFS($D$7:$D$156,$D14,$C$7:$C$156,"Winner",$B$7:$B$156,$B14)>0),1,0))) | F14: =IF(OR($A14="",NOT(ISNUMBER($B14))),"",COUNTIFS($D$7:$D$156,$D14,$B$7:$B$156,">0")) | G14: =IF(OR(OR($A14="",NOT(ISNUMBER($B14))),$B$2="Not started"),"",IF($C14="Winner",Points!$B$3,ROUND(Points!$B$3*IF($F14<=1,1,Points!$H$7+(1-Points!$H$7)*((($F14-$E14)*(($F14-$E14)+1)/2)^2-((($F14-$E14-$J14+1)-1)*($F14-$E14-$J14+1)/2)^2)/($J14*($F14-1)^3)),0))) | H14: =IF($A14="","",IF($B$2="Final","Final",IF($B$2="In progress","Projected","Not started"))) | I14: =IF($A14="","",IF(COUNTIF(Players!$A$2:$A$500,$A14)=0,"Player is not on the Players tab",IF(COUNTIF($A$7:$A$156,$A14)>1,"Player is listed twice",IF(NOT(ISNUMBER($B14)),"Enter a score",IF(COUNTIFS($D$7:$D$156,$D14,$C$7:$C$156,"Winner")>1,"More than one "&$D14&" winner picked",IF(AND($C14="Winner",COUNTIFS($D$7:$D$156,$D14,$B$7:$B$156,"<"&$B14)>0),"The winner doesn't have the best "&$D14&" score",IF(AND($B$2="Final",COUNTIFS($D$7:$D$156,$D14,$C$7:$C$156,"Winner")=0),"Final: pick the "&$D14&" winner",IF($B$2="Not started","Set Status to In progress to count points","OK")))))))) | J14: =IF(OR($A14="",NOT(ISNUMBER($B14))),"",IF($C14="Winner",1,COUNTIFS($D$7:$D$156,$D14,$B$7:$B$156,$B14)-IF(AND(NOT($C14="Winner"),COUNTIFS($D$7:$D$156,$D14,$C$7:$C$156,"Winner",$B$7:$B$156,$B14)>0),1,0)))
D15: =IF($A15="","",IFERROR(IF(VLOOKUP($A15,Players!$A$2:$B$500,2,FALSE)="","Open",VLOOKUP($A15,Players!$A$2:$B$500,2,FALSE)),"Open")) | E15: =IF(OR($A15="",NOT(ISNUMBER($B15))),"",IF($C15="Winner",1,COUNTIFS($D$7:$D$156,$D15,$B$7:$B$156,"<"&$B15)+1+IF(AND(NOT($C15="Winner"),COUNTIFS($D$7:$D$156,$D15,$C$7:$C$156,"Winner",$B$7:$B$156,$B15)>0),1,0))) | F15: =IF(OR($A15="",NOT(ISNUMBER($B15))),"",COUNTIFS($D$7:$D$156,$D15,$B$7:$B$156,">0")) | G15: =IF(OR(OR($A15="",NOT(ISNUMBER($B15))),$B$2="Not started"),"",IF($C15="Winner",Points!$B$3,ROUND(Points!$B$3*IF($F15<=1,1,Points!$H$7+(1-Points!$H$7)*((($F15-$E15)*(($F15-$E15)+1)/2)^2-((($F15-$E15-$J15+1)-1)*($F15-$E15-$J15+1)/2)^2)/($J15*($F15-1)^3)),0))) | H15: =IF($A15="","",IF($B$2="Final","Final",IF($B$2="In progress","Projected","Not started"))) | I15: =IF($A15="","",IF(COUNTIF(Players!$A$2:$A$500,$A15)=0,"Player is not on the Players tab",IF(COUNTIF($A$7:$A$156,$A15)>1,"Player is listed twice",IF(NOT(ISNUMBER($B15)),"Enter a score",IF(COUNTIFS($D$7:$D$156,$D15,$C$7:$C$156,"Winner")>1,"More than one "&$D15&" winner picked",IF(AND($C15="Winner",COUNTIFS($D$7:$D$156,$D15,$B$7:$B$156,"<"&$B15)>0),"The winner doesn't have the best "&$D15&" score",IF(AND($B$2="Final",COUNTIFS($D$7:$D$156,$D15,$C$7:$C$156,"Winner")=0),"Final: pick the "&$D15&" winner",IF($B$2="Not started","Set Status to In progress to count points","OK")))))))) | J15: =IF(OR($A15="",NOT(ISNUMBER($B15))),"",IF($C15="Winner",1,COUNTIFS($D$7:$D$156,$D15,$B$7:$B$156,$B15)-IF(AND(NOT($C15="Winner"),COUNTIFS($D$7:$D$156,$D15,$C$7:$C$156,"Winner",$B$7:$B$156,$B15)>0),1,0)))
D16: =IF($A16="","",IFERROR(IF(VLOOKUP($A16,Players!$A$2:$B$500,2,FALSE)="","Open",VLOOKUP($A16,Players!$A$2:$B$500,2,FALSE)),"Open")) | E16: =IF(OR($A16="",NOT(ISNUMBER($B16))),"",IF($C16="Winner",1,COUNTIFS($D$7:$D$156,$D16,$B$7:$B$156,"<"&$B16)+1+IF(AND(NOT($C16="Winner"),COUNTIFS($D$7:$D$156,$D16,$C$7:$C$156,"Winner",$B$7:$B$156,$B16)>0),1,0))) | F16: =IF(OR($A16="",NOT(ISNUMBER($B16))),"",COUNTIFS($D$7:$D$156,$D16,$B$7:$B$156,">0")) | G16: =IF(OR(OR($A16="",NOT(ISNUMBER($B16))),$B$2="Not started"),"",IF($C16="Winner",Points!$B$3,ROUND(Points!$B$3*IF($F16<=1,1,Points!$H$7+(1-Points!$H$7)*((($F16-$E16)*(($F16-$E16)+1)/2)^2-((($F16-$E16-$J16+1)-1)*($F16-$E16-$J16+1)/2)^2)/($J16*($F16-1)^3)),0))) | H16: =IF($A16="","",IF($B$2="Final","Final",IF($B$2="In progress","Projected","Not started"))) | I16: =IF($A16="","",IF(COUNTIF(Players!$A$2:$A$500,$A16)=0,"Player is not on the Players tab",IF(COUNTIF($A$7:$A$156,$A16)>1,"Player is listed twice",IF(NOT(ISNUMBER($B16)),"Enter a score",IF(COUNTIFS($D$7:$D$156,$D16,$C$7:$C$156,"Winner")>1,"More than one "&$D16&" winner picked",IF(AND($C16="Winner",COUNTIFS($D$7:$D$156,$D16,$B$7:$B$156,"<"&$B16)>0),"The winner doesn't have the best "&$D16&" score",IF(AND($B$2="Final",COUNTIFS($D$7:$D$156,$D16,$C$7:$C$156,"Winner")=0),"Final: pick the "&$D16&" winner",IF($B$2="Not started","Set Status to In progress to count points","OK")))))))) | J16: =IF(OR($A16="",NOT(ISNUMBER($B16))),"",IF($C16="Winner",1,COUNTIFS($D$7:$D$156,$D16,$B$7:$B$156,$B16)-IF(AND(NOT($C16="Winner"),COUNTIFS($D$7:$D$156,$D16,$C$7:$C$156,"Winner",$B$7:$B$156,$B16)>0),1,0)))
D17: =IF($A17="","",IFERROR(IF(VLOOKUP($A17,Players!$A$2:$B$500,2,FALSE)="","Open",VLOOKUP($A17,Players!$A$2:$B$500,2,FALSE)),"Open")) | E17: =IF(OR($A17="",NOT(ISNUMBER($B17))),"",IF($C17="Winner",1,COUNTIFS($D$7:$D$156,$D17,$B$7:$B$156,"<"&$B17)+1+IF(AND(NOT($C17="Winner"),COUNTIFS($D$7:$D$156,$D17,$C$7:$C$156,"Winner",$B$7:$B$156,$B17)>0),1,0))) | F17: =IF(OR($A17="",NOT(ISNUMBER($B17))),"",COUNTIFS($D$7:$D$156,$D17,$B$7:$B$156,">0")) | G17: =IF(OR(OR($A17="",NOT(ISNUMBER($B17))),$B$2="Not started"),"",IF($C17="Winner",Points!$B$3,ROUND(Points!$B$3*IF($F17<=1,1,Points!$H$7+(1-Points!$H$7)*((($F17-$E17)*(($F17-$E17)+1)/2)^2-((($F17-$E17-$J17+1)-1)*($F17-$E17-$J17+1)/2)^2)/($J17*($F17-1)^3)),0))) | H17: =IF($A17="","",IF($B$2="Final","Final",IF($B$2="In progress","Projected","Not started"))) | I17: =IF($A17="","",IF(COUNTIF(Players!$A$2:$A$500,$A17)=0,"Player is not on the Players tab",IF(COUNTIF($A$7:$A$156,$A17)>1,"Player is listed twice",IF(NOT(ISNUMBER($B17)),"Enter a score",IF(COUNTIFS($D$7:$D$156,$D17,$C$7:$C$156,"Winner")>1,"More than one "&$D17&" winner picked",IF(AND($C17="Winner",COUNTIFS($D$7:$D$156,$D17,$B$7:$B$156,"<"&$B17)>0),"The winner doesn't have the best "&$D17&" score",IF(AND($B$2="Final",COUNTIFS($D$7:$D$156,$D17,$C$7:$C$156,"Winner")=0),"Final: pick the "&$D17&" winner",IF($B$2="Not started","Set Status to In progress to count points","OK")))))))) | J17: =IF(OR($A17="",NOT(ISNUMBER($B17))),"",IF($C17="Winner",1,COUNTIFS($D$7:$D$156,$D17,$B$7:$B$156,$B17)-IF(AND(NOT($C17="Winner"),COUNTIFS($D$7:$D$156,$D17,$C$7:$C$156,"Winner",$B$7:$B$156,$B17)>0),1,0)))
D18: =IF($A18="","",IFERROR(IF(VLOOKUP($A18,Players!$A$2:$B$500,2,FALSE)="","Open",VLOOKUP($A18,Players!$A$2:$B$500,2,FALSE)),"Open")) | E18: =IF(OR($A18="",NOT(ISNUMBER($B18))),"",IF($C18="Winner",1,COUNTIFS($D$7:$D$156,$D18,$B$7:$B$156,"<"&$B18)+1+IF(AND(NOT($C18="Winner"),COUNTIFS($D$7:$D$156,$D18,$C$7:$C$156,"Winner",$B$7:$B$156,$B18)>0),1,0))) | F18: =IF(OR($A18="",NOT(ISNUMBER($B18))),"",COUNTIFS($D$7:$D$156,$D18,$B$7:$B$156,">0")) | G18: =IF(OR(OR($A18="",NOT(ISNUMBER($B18))),$B$2="Not started"),"",IF($C18="Winner",Points!$B$3,ROUND(Points!$B$3*IF($F18<=1,1,Points!$H$7+(1-Points!$H$7)*((($F18-$E18)*(($F18-$E18)+1)/2)^2-((($F18-$E18-$J18+1)-1)*($F18-$E18-$J18+1)/2)^2)/($J18*($F18-1)^3)),0))) | H18: =IF($A18="","",IF($B$2="Final","Final",IF($B$2="In progress","Projected","Not started"))) | I18: =IF($A18="","",IF(COUNTIF(Players!$A$2:$A$500,$A18)=0,"Player is not on the Players tab",IF(COUNTIF($A$7:$A$156,$A18)>1,"Player is listed twice",IF(NOT(ISNUMBER($B18)),"Enter a score",IF(COUNTIFS($D$7:$D$156,$D18,$C$7:$C$156,"Winner")>1,"More than one "&$D18&" winner picked",IF(AND($C18="Winner",COUNTIFS($D$7:$D$156,$D18,$B$7:$B$156,"<"&$B18)>0),"The winner doesn't have the best "&$D18&" score",IF(AND($B$2="Final",COUNTIFS($D$7:$D$156,$D18,$C$7:$C$156,"Winner")=0),"Final: pick the "&$D18&" winner",IF($B$2="Not started","Set Status to In progress to count points","OK")))))))) | J18: =IF(OR($A18="",NOT(ISNUMBER($B18))),"",IF($C18="Winner",1,COUNTIFS($D$7:$D$156,$D18,$B$7:$B$156,$B18)-IF(AND(NOT($C18="Winner"),COUNTIFS($D$7:$D$156,$D18,$C$7:$C$156,"Winner",$B$7:$B$156,$B18)>0),1,0)))
... D156: =IF($A156="","",IFERROR(IF(VLOOKUP($A156,Players!$A$2:$B$500,2,FALSE)="","Open",VLOOKUP($A156,Players!$A$2:$B$500,2,FALSE)),"Open")) | E156: =IF(OR($A156="",NOT(ISNUMBER($B156))),"",IF($C156="Winner",1,COUNTIFS($D$7:$D$156,$D156,$B$7:$B$156,"<"&$B156)+1+IF(AND(NOT($C156="Winner"),COUNTIFS($D$7:$D$156,$D156,$C$7:$C$156,"Winner",$B$7:$B$156,$B156)>0),1,0))) | F156: =IF(OR($A156="",NOT(ISNUMBER($B156))),"",COUNTIFS($D$7:$D$156,$D156,$B$7:$B$156,">0")) | G156: =IF(OR(OR($A156="",NOT(ISNUMBER($B156))),$B$2="Not started"),"",IF($C156="Winner",Points!$B$3,ROUND(Points!$B$3*IF($F156<=1,1,Points!$H$7+(1-Points!$H$7)*((($F156-$E156)*(($F156-$E156)+1)/2)^2-((($F156-$E156-$J156+1)-1)*($F156-$E156-$J156+1)/2)^2)/($J156*($F156-1)^3)),0))) | H156: =IF($A156="","",IF($B$2="Final","Final",IF($B$2="In progress","Projected","Not started"))) | I156: =IF($A156="","",IF(COUNTIF(Players!$A$2:$A$500,$A156)=0,"Player is not on the Players tab",IF(COUNTIF($A$7:$A$156,$A156)>1,"Player is listed twice",IF(NOT(ISNUMBER($B156)),"Enter a score",IF(COUNTIFS($D$7:$D$156,$D156,$C$7:$C$156,"Winner")>1,"More than one "&$D156&" winner picked",IF(AND($C156="Winner",COUNTIFS($D$7:$D$156,$D156,$B$7:$B$156,"<"&$B156)>0),"The winner doesn't have the best "&$D156&" score",IF(AND($B$2="Final",COUNTIFS($D$7:$D$156,$D156,$C$7:$C$156,"Winner")=0),"Final: pick the "&$D156&" winner",IF($B$2="Not started","Set Status to In progress to count points","OK")))))))) | J156: =IF(OR($A156="",NOT(ISNUMBER($B156))),"",IF($C156="Winner",1,COUNTIFS($D$7:$D$156,$D156,$B$7:$B$156,$B156)-IF(AND(NOT($C156="Winner"),COUNTIFS($D$7:$D$156,$D156,$C$7:$C$156,"Winner",$B$7:$B$156,$B156)>0),1,0)))

Sheet US Open
A1: US Open | D1: One row per player. Enter their best score so far in strokes; type over it when they beat it.
A2: Status | B2: Not started | C2: In progress: points are projected from the leaderboard. Final: points are official and the scores lock.
A3: End date
A4: Division comes from the Players tab. Open and Senior are ranked separately. Pick one Winner per division; anyone tied with the winner is scored from 2nd place down.
A6: Player | B6: Best Score (strokes) | C6: Winner | D6: Division | E6: Rank | F6: Field | G6: Points | H6: Status | I6: Check | J6: Tied
D7: =IF($A7="","",IFERROR(IF(VLOOKUP($A7,Players!$A$2:$B$500,2,FALSE)="","Open",VLOOKUP($A7,Players!$A$2:$B$500,2,FALSE)),"Open")) | E7: =IF(OR($A7="",NOT(ISNUMBER($B7))),"",IF($C7="Winner",1,COUNTIFS($D$7:$D$156,$D7,$B$7:$B$156,"<"&$B7)+1+IF(AND(NOT($C7="Winner"),COUNTIFS($D$7:$D$156,$D7,$C$7:$C$156,"Winner",$B$7:$B$156,$B7)>0),1,0))) | F7: =IF(OR($A7="",NOT(ISNUMBER($B7))),"",COUNTIFS($D$7:$D$156,$D7,$B$7:$B$156,">0")) | G7: =IF(OR(OR($A7="",NOT(ISNUMBER($B7))),$B$2="Not started"),"",IF($C7="Winner",Points!$B$3,ROUND(Points!$B$3*IF($F7<=1,1,Points!$H$7+(1-Points!$H$7)*((($F7-$E7)*(($F7-$E7)+1)/2)^2-((($F7-$E7-$J7+1)-1)*($F7-$E7-$J7+1)/2)^2)/($J7*($F7-1)^3)),0))) | H7: =IF($A7="","",IF($B$2="Final","Final",IF($B$2="In progress","Projected","Not started"))) | I7: =IF($A7="","",IF(COUNTIF(Players!$A$2:$A$500,$A7)=0,"Player is not on the Players tab",IF(COUNTIF($A$7:$A$156,$A7)>1,"Player is listed twice",IF(NOT(ISNUMBER($B7)),"Enter a score",IF(COUNTIFS($D$7:$D$156,$D7,$C$7:$C$156,"Winner")>1,"More than one "&$D7&" winner picked",IF(AND($C7="Winner",COUNTIFS($D$7:$D$156,$D7,$B$7:$B$156,"<"&$B7)>0),"The winner doesn't have the best "&$D7&" score",IF(AND($B$2="Final",COUNTIFS($D$7:$D$156,$D7,$C$7:$C$156,"Winner")=0),"Final: pick the "&$D7&" winner",IF($B$2="Not started","Set Status to In progress to count points","OK")))))))) | J7: =IF(OR($A7="",NOT(ISNUMBER($B7))),"",IF($C7="Winner",1,COUNTIFS($D$7:$D$156,$D7,$B$7:$B$156,$B7)-IF(AND(NOT($C7="Winner"),COUNTIFS($D$7:$D$156,$D7,$C$7:$C$156,"Winner",$B$7:$B$156,$B7)>0),1,0)))
D8: =IF($A8="","",IFERROR(IF(VLOOKUP($A8,Players!$A$2:$B$500,2,FALSE)="","Open",VLOOKUP($A8,Players!$A$2:$B$500,2,FALSE)),"Open")) | E8: =IF(OR($A8="",NOT(ISNUMBER($B8))),"",IF($C8="Winner",1,COUNTIFS($D$7:$D$156,$D8,$B$7:$B$156,"<"&$B8)+1+IF(AND(NOT($C8="Winner"),COUNTIFS($D$7:$D$156,$D8,$C$7:$C$156,"Winner",$B$7:$B$156,$B8)>0),1,0))) | F8: =IF(OR($A8="",NOT(ISNUMBER($B8))),"",COUNTIFS($D$7:$D$156,$D8,$B$7:$B$156,">0")) | G8: =IF(OR(OR($A8="",NOT(ISNUMBER($B8))),$B$2="Not started"),"",IF($C8="Winner",Points!$B$3,ROUND(Points!$B$3*IF($F8<=1,1,Points!$H$7+(1-Points!$H$7)*((($F8-$E8)*(($F8-$E8)+1)/2)^2-((($F8-$E8-$J8+1)-1)*($F8-$E8-$J8+1)/2)^2)/($J8*($F8-1)^3)),0))) | H8: =IF($A8="","",IF($B$2="Final","Final",IF($B$2="In progress","Projected","Not started"))) | I8: =IF($A8="","",IF(COUNTIF(Players!$A$2:$A$500,$A8)=0,"Player is not on the Players tab",IF(COUNTIF($A$7:$A$156,$A8)>1,"Player is listed twice",IF(NOT(ISNUMBER($B8)),"Enter a score",IF(COUNTIFS($D$7:$D$156,$D8,$C$7:$C$156,"Winner")>1,"More than one "&$D8&" winner picked",IF(AND($C8="Winner",COUNTIFS($D$7:$D$156,$D8,$B$7:$B$156,"<"&$B8)>0),"The winner doesn't have the best "&$D8&" score",IF(AND($B$2="Final",COUNTIFS($D$7:$D$156,$D8,$C$7:$C$156,"Winner")=0),"Final: pick the "&$D8&" winner",IF($B$2="Not started","Set Status to In progress to count points","OK")))))))) | J8: =IF(OR($A8="",NOT(ISNUMBER($B8))),"",IF($C8="Winner",1,COUNTIFS($D$7:$D$156,$D8,$B$7:$B$156,$B8)-IF(AND(NOT($C8="Winner"),COUNTIFS($D$7:$D$156,$D8,$C$7:$C$156,"Winner",$B$7:$B$156,$B8)>0),1,0)))
D9: =IF($A9="","",IFERROR(IF(VLOOKUP($A9,Players!$A$2:$B$500,2,FALSE)="","Open",VLOOKUP($A9,Players!$A$2:$B$500,2,FALSE)),"Open")) | E9: =IF(OR($A9="",NOT(ISNUMBER($B9))),"",IF($C9="Winner",1,COUNTIFS($D$7:$D$156,$D9,$B$7:$B$156,"<"&$B9)+1+IF(AND(NOT($C9="Winner"),COUNTIFS($D$7:$D$156,$D9,$C$7:$C$156,"Winner",$B$7:$B$156,$B9)>0),1,0))) | F9: =IF(OR($A9="",NOT(ISNUMBER($B9))),"",COUNTIFS($D$7:$D$156,$D9,$B$7:$B$156,">0")) | G9: =IF(OR(OR($A9="",NOT(ISNUMBER($B9))),$B$2="Not started"),"",IF($C9="Winner",Points!$B$3,ROUND(Points!$B$3*IF($F9<=1,1,Points!$H$7+(1-Points!$H$7)*((($F9-$E9)*(($F9-$E9)+1)/2)^2-((($F9-$E9-$J9+1)-1)*($F9-$E9-$J9+1)/2)^2)/($J9*($F9-1)^3)),0))) | H9: =IF($A9="","",IF($B$2="Final","Final",IF($B$2="In progress","Projected","Not started"))) | I9: =IF($A9="","",IF(COUNTIF(Players!$A$2:$A$500,$A9)=0,"Player is not on the Players tab",IF(COUNTIF($A$7:$A$156,$A9)>1,"Player is listed twice",IF(NOT(ISNUMBER($B9)),"Enter a score",IF(COUNTIFS($D$7:$D$156,$D9,$C$7:$C$156,"Winner")>1,"More than one "&$D9&" winner picked",IF(AND($C9="Winner",COUNTIFS($D$7:$D$156,$D9,$B$7:$B$156,"<"&$B9)>0),"The winner doesn't have the best "&$D9&" score",IF(AND($B$2="Final",COUNTIFS($D$7:$D$156,$D9,$C$7:$C$156,"Winner")=0),"Final: pick the "&$D9&" winner",IF($B$2="Not started","Set Status to In progress to count points","OK")))))))) | J9: =IF(OR($A9="",NOT(ISNUMBER($B9))),"",IF($C9="Winner",1,COUNTIFS($D$7:$D$156,$D9,$B$7:$B$156,$B9)-IF(AND(NOT($C9="Winner"),COUNTIFS($D$7:$D$156,$D9,$C$7:$C$156,"Winner",$B$7:$B$156,$B9)>0),1,0)))
D10: =IF($A10="","",IFERROR(IF(VLOOKUP($A10,Players!$A$2:$B$500,2,FALSE)="","Open",VLOOKUP($A10,Players!$A$2:$B$500,2,FALSE)),"Open")) | E10: =IF(OR($A10="",NOT(ISNUMBER($B10))),"",IF($C10="Winner",1,COUNTIFS($D$7:$D$156,$D10,$B$7:$B$156,"<"&$B10)+1+IF(AND(NOT($C10="Winner"),COUNTIFS($D$7:$D$156,$D10,$C$7:$C$156,"Winner",$B$7:$B$156,$B10)>0),1,0))) | F10: =IF(OR($A10="",NOT(ISNUMBER($B10))),"",COUNTIFS($D$7:$D$156,$D10,$B$7:$B$156,">0")) | G10: =IF(OR(OR($A10="",NOT(ISNUMBER($B10))),$B$2="Not started"),"",IF($C10="Winner",Points!$B$3,ROUND(Points!$B$3*IF($F10<=1,1,Points!$H$7+(1-Points!$H$7)*((($F10-$E10)*(($F10-$E10)+1)/2)^2-((($F10-$E10-$J10+1)-1)*($F10-$E10-$J10+1)/2)^2)/($J10*($F10-1)^3)),0))) | H10: =IF($A10="","",IF($B$2="Final","Final",IF($B$2="In progress","Projected","Not started"))) | I10: =IF($A10="","",IF(COUNTIF(Players!$A$2:$A$500,$A10)=0,"Player is not on the Players tab",IF(COUNTIF($A$7:$A$156,$A10)>1,"Player is listed twice",IF(NOT(ISNUMBER($B10)),"Enter a score",IF(COUNTIFS($D$7:$D$156,$D10,$C$7:$C$156,"Winner")>1,"More than one "&$D10&" winner picked",IF(AND($C10="Winner",COUNTIFS($D$7:$D$156,$D10,$B$7:$B$156,"<"&$B10)>0),"The winner doesn't have the best "&$D10&" score",IF(AND($B$2="Final",COUNTIFS($D$7:$D$156,$D10,$C$7:$C$156,"Winner")=0),"Final: pick the "&$D10&" winner",IF($B$2="Not started","Set Status to In progress to count points","OK")))))))) | J10: =IF(OR($A10="",NOT(ISNUMBER($B10))),"",IF($C10="Winner",1,COUNTIFS($D$7:$D$156,$D10,$B$7:$B$156,$B10)-IF(AND(NOT($C10="Winner"),COUNTIFS($D$7:$D$156,$D10,$C$7:$C$156,"Winner",$B$7:$B$156,$B10)>0),1,0)))
D11: =IF($A11="","",IFERROR(IF(VLOOKUP($A11,Players!$A$2:$B$500,2,FALSE)="","Open",VLOOKUP($A11,Players!$A$2:$B$500,2,FALSE)),"Open")) | E11: =IF(OR($A11="",NOT(ISNUMBER($B11))),"",IF($C11="Winner",1,COUNTIFS($D$7:$D$156,$D11,$B$7:$B$156,"<"&$B11)+1+IF(AND(NOT($C11="Winner"),COUNTIFS($D$7:$D$156,$D11,$C$7:$C$156,"Winner",$B$7:$B$156,$B11)>0),1,0))) | F11: =IF(OR($A11="",NOT(ISNUMBER($B11))),"",COUNTIFS($D$7:$D$156,$D11,$B$7:$B$156,">0")) | G11: =IF(OR(OR($A11="",NOT(ISNUMBER($B11))),$B$2="Not started"),"",IF($C11="Winner",Points!$B$3,ROUND(Points!$B$3*IF($F11<=1,1,Points!$H$7+(1-Points!$H$7)*((($F11-$E11)*(($F11-$E11)+1)/2)^2-((($F11-$E11-$J11+1)-1)*($F11-$E11-$J11+1)/2)^2)/($J11*($F11-1)^3)),0))) | H11: =IF($A11="","",IF($B$2="Final","Final",IF($B$2="In progress","Projected","Not started"))) | I11: =IF($A11="","",IF(COUNTIF(Players!$A$2:$A$500,$A11)=0,"Player is not on the Players tab",IF(COUNTIF($A$7:$A$156,$A11)>1,"Player is listed twice",IF(NOT(ISNUMBER($B11)),"Enter a score",IF(COUNTIFS($D$7:$D$156,$D11,$C$7:$C$156,"Winner")>1,"More than one "&$D11&" winner picked",IF(AND($C11="Winner",COUNTIFS($D$7:$D$156,$D11,$B$7:$B$156,"<"&$B11)>0),"The winner doesn't have the best "&$D11&" score",IF(AND($B$2="Final",COUNTIFS($D$7:$D$156,$D11,$C$7:$C$156,"Winner")=0),"Final: pick the "&$D11&" winner",IF($B$2="Not started","Set Status to In progress to count points","OK")))))))) | J11: =IF(OR($A11="",NOT(ISNUMBER($B11))),"",IF($C11="Winner",1,COUNTIFS($D$7:$D$156,$D11,$B$7:$B$156,$B11)-IF(AND(NOT($C11="Winner"),COUNTIFS($D$7:$D$156,$D11,$C$7:$C$156,"Winner",$B$7:$B$156,$B11)>0),1,0)))
D12: =IF($A12="","",IFERROR(IF(VLOOKUP($A12,Players!$A$2:$B$500,2,FALSE)="","Open",VLOOKUP($A12,Players!$A$2:$B$500,2,FALSE)),"Open")) | E12: =IF(OR($A12="",NOT(ISNUMBER($B12))),"",IF($C12="Winner",1,COUNTIFS($D$7:$D$156,$D12,$B$7:$B$156,"<"&$B12)+1+IF(AND(NOT($C12="Winner"),COUNTIFS($D$7:$D$156,$D12,$C$7:$C$156,"Winner",$B$7:$B$156,$B12)>0),1,0))) | F12: =IF(OR($A12="",NOT(ISNUMBER($B12))),"",COUNTIFS($D$7:$D$156,$D12,$B$7:$B$156,">0")) | G12: =IF(OR(OR($A12="",NOT(ISNUMBER($B12))),$B$2="Not started"),"",IF($C12="Winner",Points!$B$3,ROUND(Points!$B$3*IF($F12<=1,1,Points!$H$7+(1-Points!$H$7)*((($F12-$E12)*(($F12-$E12)+1)/2)^2-((($F12-$E12-$J12+1)-1)*($F12-$E12-$J12+1)/2)^2)/($J12*($F12-1)^3)),0))) | H12: =IF($A12="","",IF($B$2="Final","Final",IF($B$2="In progress","Projected","Not started"))) | I12: =IF($A12="","",IF(COUNTIF(Players!$A$2:$A$500,$A12)=0,"Player is not on the Players tab",IF(COUNTIF($A$7:$A$156,$A12)>1,"Player is listed twice",IF(NOT(ISNUMBER($B12)),"Enter a score",IF(COUNTIFS($D$7:$D$156,$D12,$C$7:$C$156,"Winner")>1,"More than one "&$D12&" winner picked",IF(AND($C12="Winner",COUNTIFS($D$7:$D$156,$D12,$B$7:$B$156,"<"&$B12)>0),"The winner doesn't have the best "&$D12&" score",IF(AND($B$2="Final",COUNTIFS($D$7:$D$156,$D12,$C$7:$C$156,"Winner")=0),"Final: pick the "&$D12&" winner",IF($B$2="Not started","Set Status to In progress to count points","OK")))))))) | J12: =IF(OR($A12="",NOT(ISNUMBER($B12))),"",IF($C12="Winner",1,COUNTIFS($D$7:$D$156,$D12,$B$7:$B$156,$B12)-IF(AND(NOT($C12="Winner"),COUNTIFS($D$7:$D$156,$D12,$C$7:$C$156,"Winner",$B$7:$B$156,$B12)>0),1,0)))
D13: =IF($A13="","",IFERROR(IF(VLOOKUP($A13,Players!$A$2:$B$500,2,FALSE)="","Open",VLOOKUP($A13,Players!$A$2:$B$500,2,FALSE)),"Open")) | E13: =IF(OR($A13="",NOT(ISNUMBER($B13))),"",IF($C13="Winner",1,COUNTIFS($D$7:$D$156,$D13,$B$7:$B$156,"<"&$B13)+1+IF(AND(NOT($C13="Winner"),COUNTIFS($D$7:$D$156,$D13,$C$7:$C$156,"Winner",$B$7:$B$156,$B13)>0),1,0))) | F13: =IF(OR($A13="",NOT(ISNUMBER($B13))),"",COUNTIFS($D$7:$D$156,$D13,$B$7:$B$156,">0")) | G13: =IF(OR(OR($A13="",NOT(ISNUMBER($B13))),$B$2="Not started"),"",IF($C13="Winner",Points!$B$3,ROUND(Points!$B$3*IF($F13<=1,1,Points!$H$7+(1-Points!$H$7)*((($F13-$E13)*(($F13-$E13)+1)/2)^2-((($F13-$E13-$J13+1)-1)*($F13-$E13-$J13+1)/2)^2)/($J13*($F13-1)^3)),0))) | H13: =IF($A13="","",IF($B$2="Final","Final",IF($B$2="In progress","Projected","Not started"))) | I13: =IF($A13="","",IF(COUNTIF(Players!$A$2:$A$500,$A13)=0,"Player is not on the Players tab",IF(COUNTIF($A$7:$A$156,$A13)>1,"Player is listed twice",IF(NOT(ISNUMBER($B13)),"Enter a score",IF(COUNTIFS($D$7:$D$156,$D13,$C$7:$C$156,"Winner")>1,"More than one "&$D13&" winner picked",IF(AND($C13="Winner",COUNTIFS($D$7:$D$156,$D13,$B$7:$B$156,"<"&$B13)>0),"The winner doesn't have the best "&$D13&" score",IF(AND($B$2="Final",COUNTIFS($D$7:$D$156,$D13,$C$7:$C$156,"Winner")=0),"Final: pick the "&$D13&" winner",IF($B$2="Not started","Set Status to In progress to count points","OK")))))))) | J13: =IF(OR($A13="",NOT(ISNUMBER($B13))),"",IF($C13="Winner",1,COUNTIFS($D$7:$D$156,$D13,$B$7:$B$156,$B13)-IF(AND(NOT($C13="Winner"),COUNTIFS($D$7:$D$156,$D13,$C$7:$C$156,"Winner",$B$7:$B$156,$B13)>0),1,0)))
D14: =IF($A14="","",IFERROR(IF(VLOOKUP($A14,Players!$A$2:$B$500,2,FALSE)="","Open",VLOOKUP($A14,Players!$A$2:$B$500,2,FALSE)),"Open")) | E14: =IF(OR($A14="",NOT(ISNUMBER($B14))),"",IF($C14="Winner",1,COUNTIFS($D$7:$D$156,$D14,$B$7:$B$156,"<"&$B14)+1+IF(AND(NOT($C14="Winner"),COUNTIFS($D$7:$D$156,$D14,$C$7:$C$156,"Winner",$B$7:$B$156,$B14)>0),1,0))) | F14: =IF(OR($A14="",NOT(ISNUMBER($B14))),"",COUNTIFS($D$7:$D$156,$D14,$B$7:$B$156,">0")) | G14: =IF(OR(OR($A14="",NOT(ISNUMBER($B14))),$B$2="Not started"),"",IF($C14="Winner",Points!$B$3,ROUND(Points!$B$3*IF($F14<=1,1,Points!$H$7+(1-Points!$H$7)*((($F14-$E14)*(($F14-$E14)+1)/2)^2-((($F14-$E14-$J14+1)-1)*($F14-$E14-$J14+1)/2)^2)/($J14*($F14-1)^3)),0))) | H14: =IF($A14="","",IF($B$2="Final","Final",IF($B$2="In progress","Projected","Not started"))) | I14: =IF($A14="","",IF(COUNTIF(Players!$A$2:$A$500,$A14)=0,"Player is not on the Players tab",IF(COUNTIF($A$7:$A$156,$A14)>1,"Player is listed twice",IF(NOT(ISNUMBER($B14)),"Enter a score",IF(COUNTIFS($D$7:$D$156,$D14,$C$7:$C$156,"Winner")>1,"More than one "&$D14&" winner picked",IF(AND($C14="Winner",COUNTIFS($D$7:$D$156,$D14,$B$7:$B$156,"<"&$B14)>0),"The winner doesn't have the best "&$D14&" score",IF(AND($B$2="Final",COUNTIFS($D$7:$D$156,$D14,$C$7:$C$156,"Winner")=0),"Final: pick the "&$D14&" winner",IF($B$2="Not started","Set Status to In progress to count points","OK")))))))) | J14: =IF(OR($A14="",NOT(ISNUMBER($B14))),"",IF($C14="Winner",1,COUNTIFS($D$7:$D$156,$D14,$B$7:$B$156,$B14)-IF(AND(NOT($C14="Winner"),COUNTIFS($D$7:$D$156,$D14,$C$7:$C$156,"Winner",$B$7:$B$156,$B14)>0),1,0)))
D15: =IF($A15="","",IFERROR(IF(VLOOKUP($A15,Players!$A$2:$B$500,2,FALSE)="","Open",VLOOKUP($A15,Players!$A$2:$B$500,2,FALSE)),"Open")) | E15: =IF(OR($A15="",NOT(ISNUMBER($B15))),"",IF($C15="Winner",1,COUNTIFS($D$7:$D$156,$D15,$B$7:$B$156,"<"&$B15)+1+IF(AND(NOT($C15="Winner"),COUNTIFS($D$7:$D$156,$D15,$C$7:$C$156,"Winner",$B$7:$B$156,$B15)>0),1,0))) | F15: =IF(OR($A15="",NOT(ISNUMBER($B15))),"",COUNTIFS($D$7:$D$156,$D15,$B$7:$B$156,">0")) | G15: =IF(OR(OR($A15="",NOT(ISNUMBER($B15))),$B$2="Not started"),"",IF($C15="Winner",Points!$B$3,ROUND(Points!$B$3*IF($F15<=1,1,Points!$H$7+(1-Points!$H$7)*((($F15-$E15)*(($F15-$E15)+1)/2)^2-((($F15-$E15-$J15+1)-1)*($F15-$E15-$J15+1)/2)^2)/($J15*($F15-1)^3)),0))) | H15: =IF($A15="","",IF($B$2="Final","Final",IF($B$2="In progress","Projected","Not started"))) | I15: =IF($A15="","",IF(COUNTIF(Players!$A$2:$A$500,$A15)=0,"Player is not on the Players tab",IF(COUNTIF($A$7:$A$156,$A15)>1,"Player is listed twice",IF(NOT(ISNUMBER($B15)),"Enter a score",IF(COUNTIFS($D$7:$D$156,$D15,$C$7:$C$156,"Winner")>1,"More than one "&$D15&" winner picked",IF(AND($C15="Winner",COUNTIFS($D$7:$D$156,$D15,$B$7:$B$156,"<"&$B15)>0),"The winner doesn't have the best "&$D15&" score",IF(AND($B$2="Final",COUNTIFS($D$7:$D$156,$D15,$C$7:$C$156,"Winner")=0),"Final: pick the "&$D15&" winner",IF($B$2="Not started","Set Status to In progress to count points","OK")))))))) | J15: =IF(OR($A15="",NOT(ISNUMBER($B15))),"",IF($C15="Winner",1,COUNTIFS($D$7:$D$156,$D15,$B$7:$B$156,$B15)-IF(AND(NOT($C15="Winner"),COUNTIFS($D$7:$D$156,$D15,$C$7:$C$156,"Winner",$B$7:$B$156,$B15)>0),1,0)))
D16: =IF($A16="","",IFERROR(IF(VLOOKUP($A16,Players!$A$2:$B$500,2,FALSE)="","Open",VLOOKUP($A16,Players!$A$2:$B$500,2,FALSE)),"Open")) | E16: =IF(OR($A16="",NOT(ISNUMBER($B16))),"",IF($C16="Winner",1,COUNTIFS($D$7:$D$156,$D16,$B$7:$B$156,"<"&$B16)+1+IF(AND(NOT($C16="Winner"),COUNTIFS($D$7:$D$156,$D16,$C$7:$C$156,"Winner",$B$7:$B$156,$B16)>0),1,0))) | F16: =IF(OR($A16="",NOT(ISNUMBER($B16))),"",COUNTIFS($D$7:$D$156,$D16,$B$7:$B$156,">0")) | G16: =IF(OR(OR($A16="",NOT(ISNUMBER($B16))),$B$2="Not started"),"",IF($C16="Winner",Points!$B$3,ROUND(Points!$B$3*IF($F16<=1,1,Points!$H$7+(1-Points!$H$7)*((($F16-$E16)*(($F16-$E16)+1)/2)^2-((($F16-$E16-$J16+1)-1)*($F16-$E16-$J16+1)/2)^2)/($J16*($F16-1)^3)),0))) | H16: =IF($A16="","",IF($B$2="Final","Final",IF($B$2="In progress","Projected","Not started"))) | I16: =IF($A16="","",IF(COUNTIF(Players!$A$2:$A$500,$A16)=0,"Player is not on the Players tab",IF(COUNTIF($A$7:$A$156,$A16)>1,"Player is listed twice",IF(NOT(ISNUMBER($B16)),"Enter a score",IF(COUNTIFS($D$7:$D$156,$D16,$C$7:$C$156,"Winner")>1,"More than one "&$D16&" winner picked",IF(AND($C16="Winner",COUNTIFS($D$7:$D$156,$D16,$B$7:$B$156,"<"&$B16)>0),"The winner doesn't have the best "&$D16&" score",IF(AND($B$2="Final",COUNTIFS($D$7:$D$156,$D16,$C$7:$C$156,"Winner")=0),"Final: pick the "&$D16&" winner",IF($B$2="Not started","Set Status to In progress to count points","OK")))))))) | J16: =IF(OR($A16="",NOT(ISNUMBER($B16))),"",IF($C16="Winner",1,COUNTIFS($D$7:$D$156,$D16,$B$7:$B$156,$B16)-IF(AND(NOT($C16="Winner"),COUNTIFS($D$7:$D$156,$D16,$C$7:$C$156,"Winner",$B$7:$B$156,$B16)>0),1,0)))
D17: =IF($A17="","",IFERROR(IF(VLOOKUP($A17,Players!$A$2:$B$500,2,FALSE)="","Open",VLOOKUP($A17,Players!$A$2:$B$500,2,FALSE)),"Open")) | E17: =IF(OR($A17="",NOT(ISNUMBER($B17))),"",IF($C17="Winner",1,COUNTIFS($D$7:$D$156,$D17,$B$7:$B$156,"<"&$B17)+1+IF(AND(NOT($C17="Winner"),COUNTIFS($D$7:$D$156,$D17,$C$7:$C$156,"Winner",$B$7:$B$156,$B17)>0),1,0))) | F17: =IF(OR($A17="",NOT(ISNUMBER($B17))),"",COUNTIFS($D$7:$D$156,$D17,$B$7:$B$156,">0")) | G17: =IF(OR(OR($A17="",NOT(ISNUMBER($B17))),$B$2="Not started"),"",IF($C17="Winner",Points!$B$3,ROUND(Points!$B$3*IF($F17<=1,1,Points!$H$7+(1-Points!$H$7)*((($F17-$E17)*(($F17-$E17)+1)/2)^2-((($F17-$E17-$J17+1)-1)*($F17-$E17-$J17+1)/2)^2)/($J17*($F17-1)^3)),0))) | H17: =IF($A17="","",IF($B$2="Final","Final",IF($B$2="In progress","Projected","Not started"))) | I17: =IF($A17="","",IF(COUNTIF(Players!$A$2:$A$500,$A17)=0,"Player is not on the Players tab",IF(COUNTIF($A$7:$A$156,$A17)>1,"Player is listed twice",IF(NOT(ISNUMBER($B17)),"Enter a score",IF(COUNTIFS($D$7:$D$156,$D17,$C$7:$C$156,"Winner")>1,"More than one "&$D17&" winner picked",IF(AND($C17="Winner",COUNTIFS($D$7:$D$156,$D17,$B$7:$B$156,"<"&$B17)>0),"The winner doesn't have the best "&$D17&" score",IF(AND($B$2="Final",COUNTIFS($D$7:$D$156,$D17,$C$7:$C$156,"Winner")=0),"Final: pick the "&$D17&" winner",IF($B$2="Not started","Set Status to In progress to count points","OK")))))))) | J17: =IF(OR($A17="",NOT(ISNUMBER($B17))),"",IF($C17="Winner",1,COUNTIFS($D$7:$D$156,$D17,$B$7:$B$156,$B17)-IF(AND(NOT($C17="Winner"),COUNTIFS($D$7:$D$156,$D17,$C$7:$C$156,"Winner",$B$7:$B$156,$B17)>0),1,0)))
D18: =IF($A18="","",IFERROR(IF(VLOOKUP($A18,Players!$A$2:$B$500,2,FALSE)="","Open",VLOOKUP($A18,Players!$A$2:$B$500,2,FALSE)),"Open")) | E18: =IF(OR($A18="",NOT(ISNUMBER($B18))),"",IF($C18="Winner",1,COUNTIFS($D$7:$D$156,$D18,$B$7:$B$156,"<"&$B18)+1+IF(AND(NOT($C18="Winner"),COUNTIFS($D$7:$D$156,$D18,$C$7:$C$156,"Winner",$B$7:$B$156,$B18)>0),1,0))) | F18: =IF(OR($A18="",NOT(ISNUMBER($B18))),"",COUNTIFS($D$7:$D$156,$D18,$B$7:$B$156,">0")) | G18: =IF(OR(OR($A18="",NOT(ISNUMBER($B18))),$B$2="Not started"),"",IF($C18="Winner",Points!$B$3,ROUND(Points!$B$3*IF($F18<=1,1,Points!$H$7+(1-Points!$H$7)*((($F18-$E18)*(($F18-$E18)+1)/2)^2-((($F18-$E18-$J18+1)-1)*($F18-$E18-$J18+1)/2)^2)/($J18*($F18-1)^3)),0))) | H18: =IF($A18="","",IF($B$2="Final","Final",IF($B$2="In progress","Projected","Not started"))) | I18: =IF($A18="","",IF(COUNTIF(Players!$A$2:$A$500,$A18)=0,"Player is not on the Players tab",IF(COUNTIF($A$7:$A$156,$A18)>1,"Player is listed twice",IF(NOT(ISNUMBER($B18)),"Enter a score",IF(COUNTIFS($D$7:$D$156,$D18,$C$7:$C$156,"Winner")>1,"More than one "&$D18&" winner picked",IF(AND($C18="Winner",COUNTIFS($D$7:$D$156,$D18,$B$7:$B$156,"<"&$B18)>0),"The winner doesn't have the best "&$D18&" score",IF(AND($B$2="Final",COUNTIFS($D$7:$D$156,$D18,$C$7:$C$156,"Winner")=0),"Final: pick the "&$D18&" winner",IF($B$2="Not started","Set Status to In progress to count points","OK")))))))) | J18: =IF(OR($A18="",NOT(ISNUMBER($B18))),"",IF($C18="Winner",1,COUNTIFS($D$7:$D$156,$D18,$B$7:$B$156,$B18)-IF(AND(NOT($C18="Winner"),COUNTIFS($D$7:$D$156,$D18,$C$7:$C$156,"Winner",$B$7:$B$156,$B18)>0),1,0)))
... D156: =IF($A156="","",IFERROR(IF(VLOOKUP($A156,Players!$A$2:$B$500,2,FALSE)="","Open",VLOOKUP($A156,Players!$A$2:$B$500,2,FALSE)),"Open")) | E156: =IF(OR($A156="",NOT(ISNUMBER($B156))),"",IF($C156="Winner",1,COUNTIFS($D$7:$D$156,$D156,$B$7:$B$156,"<"&$B156)+1+IF(AND(NOT($C156="Winner"),COUNTIFS($D$7:$D$156,$D156,$C$7:$C$156,"Winner",$B$7:$B$156,$B156)>0),1,0))) | F156: =IF(OR($A156="",NOT(ISNUMBER($B156))),"",COUNTIFS($D$7:$D$156,$D156,$B$7:$B$156,">0")) | G156: =IF(OR(OR($A156="",NOT(ISNUMBER($B156))),$B$2="Not started"),"",IF($C156="Winner",Points!$B$3,ROUND(Points!$B$3*IF($F156<=1,1,Points!$H$7+(1-Points!$H$7)*((($F156-$E156)*(($F156-$E156)+1)/2)^2-((($F156-$E156-$J156+1)-1)*($F156-$E156-$J156+1)/2)^2)/($J156*($F156-1)^3)),0))) | H156: =IF($A156="","",IF($B$2="Final","Final",IF($B$2="In progress","Projected","Not started"))) | I156: =IF($A156="","",IF(COUNTIF(Players!$A$2:$A$500,$A156)=0,"Player is not on the Players tab",IF(COUNTIF($A$7:$A$156,$A156)>1,"Player is listed twice",IF(NOT(ISNUMBER($B156)),"Enter a score",IF(COUNTIFS($D$7:$D$156,$D156,$C$7:$C$156,"Winner")>1,"More than one "&$D156&" winner picked",IF(AND($C156="Winner",COUNTIFS($D$7:$D$156,$D156,$B$7:$B$156,"<"&$B156)>0),"The winner doesn't have the best "&$D156&" score",IF(AND($B$2="Final",COUNTIFS($D$7:$D$156,$D156,$C$7:$C$156,"Winner")=0),"Final: pick the "&$D156&" winner",IF($B$2="Not started","Set Status to In progress to count points","OK")))))))) | J156: =IF(OR($A156="",NOT(ISNUMBER($B156))),"",IF($C156="Winner",1,COUNTIFS($D$7:$D$156,$D156,$B$7:$B$156,$B156)-IF(AND(NOT($C156="Winner"),COUNTIFS($D$7:$D$156,$D156,$C$7:$C$156,"Winner",$B$7:$B$156,$B156)>0),1,0)))

Sheet The Open
A1: The Open | D1: One row per player. Enter their best score so far in strokes; type over it when they beat it.
A2: Status | B2: Not started | C2: In progress: points are projected from the leaderboard. Final: points are official and the scores lock.
A3: End date
A4: Division comes from the Players tab. Open and Senior are ranked separately. Pick one Winner per division; anyone tied with the winner is scored from 2nd place down.
A6: Player | B6: Best Score (strokes) | C6: Winner | D6: Division | E6: Rank | F6: Field | G6: Points | H6: Status | I6: Check | J6: Tied
D7: =IF($A7="","",IFERROR(IF(VLOOKUP($A7,Players!$A$2:$B$500,2,FALSE)="","Open",VLOOKUP($A7,Players!$A$2:$B$500,2,FALSE)),"Open")) | E7: =IF(OR($A7="",NOT(ISNUMBER($B7))),"",IF($C7="Winner",1,COUNTIFS($D$7:$D$156,$D7,$B$7:$B$156,"<"&$B7)+1+IF(AND(NOT($C7="Winner"),COUNTIFS($D$7:$D$156,$D7,$C$7:$C$156,"Winner",$B$7:$B$156,$B7)>0),1,0))) | F7: =IF(OR($A7="",NOT(ISNUMBER($B7))),"",COUNTIFS($D$7:$D$156,$D7,$B$7:$B$156,">0")) | G7: =IF(OR(OR($A7="",NOT(ISNUMBER($B7))),$B$2="Not started"),"",IF($C7="Winner",Points!$B$3,ROUND(Points!$B$3*IF($F7<=1,1,Points!$H$7+(1-Points!$H$7)*((($F7-$E7)*(($F7-$E7)+1)/2)^2-((($F7-$E7-$J7+1)-1)*($F7-$E7-$J7+1)/2)^2)/($J7*($F7-1)^3)),0))) | H7: =IF($A7="","",IF($B$2="Final","Final",IF($B$2="In progress","Projected","Not started"))) | I7: =IF($A7="","",IF(COUNTIF(Players!$A$2:$A$500,$A7)=0,"Player is not on the Players tab",IF(COUNTIF($A$7:$A$156,$A7)>1,"Player is listed twice",IF(NOT(ISNUMBER($B7)),"Enter a score",IF(COUNTIFS($D$7:$D$156,$D7,$C$7:$C$156,"Winner")>1,"More than one "&$D7&" winner picked",IF(AND($C7="Winner",COUNTIFS($D$7:$D$156,$D7,$B$7:$B$156,"<"&$B7)>0),"The winner doesn't have the best "&$D7&" score",IF(AND($B$2="Final",COUNTIFS($D$7:$D$156,$D7,$C$7:$C$156,"Winner")=0),"Final: pick the "&$D7&" winner",IF($B$2="Not started","Set Status to In progress to count points","OK")))))))) | J7: =IF(OR($A7="",NOT(ISNUMBER($B7))),"",IF($C7="Winner",1,COUNTIFS($D$7:$D$156,$D7,$B$7:$B$156,$B7)-IF(AND(NOT($C7="Winner"),COUNTIFS($D$7:$D$156,$D7,$C$7:$C$156,"Winner",$B$7:$B$156,$B7)>0),1,0)))
D8: =IF($A8="","",IFERROR(IF(VLOOKUP($A8,Players!$A$2:$B$500,2,FALSE)="","Open",VLOOKUP($A8,Players!$A$2:$B$500,2,FALSE)),"Open")) | E8: =IF(OR($A8="",NOT(ISNUMBER($B8))),"",IF($C8="Winner",1,COUNTIFS($D$7:$D$156,$D8,$B$7:$B$156,"<"&$B8)+1+IF(AND(NOT($C8="Winner"),COUNTIFS($D$7:$D$156,$D8,$C$7:$C$156,"Winner",$B$7:$B$156,$B8)>0),1,0))) | F8: =IF(OR($A8="",NOT(ISNUMBER($B8))),"",COUNTIFS($D$7:$D$156,$D8,$B$7:$B$156,">0")) | G8: =IF(OR(OR($A8="",NOT(ISNUMBER($B8))),$B$2="Not started"),"",IF($C8="Winner",Points!$B$3,ROUND(Points!$B$3*IF($F8<=1,1,Points!$H$7+(1-Points!$H$7)*((($F8-$E8)*(($F8-$E8)+1)/2)^2-((($F8-$E8-$J8+1)-1)*($F8-$E8-$J8+1)/2)^2)/($J8*($F8-1)^3)),0))) | H8: =IF($A8="","",IF($B$2="Final","Final",IF($B$2="In progress","Projected","Not started"))) | I8: =IF($A8="","",IF(COUNTIF(Players!$A$2:$A$500,$A8)=0,"Player is not on the Players tab",IF(COUNTIF($A$7:$A$156,$A8)>1,"Player is listed twice",IF(NOT(ISNUMBER($B8)),"Enter a score",IF(COUNTIFS($D$7:$D$156,$D8,$C$7:$C$156,"Winner")>1,"More than one "&$D8&" winner picked",IF(AND($C8="Winner",COUNTIFS($D$7:$D$156,$D8,$B$7:$B$156,"<"&$B8)>0),"The winner doesn't have the best "&$D8&" score",IF(AND($B$2="Final",COUNTIFS($D$7:$D$156,$D8,$C$7:$C$156,"Winner")=0),"Final: pick the "&$D8&" winner",IF($B$2="Not started","Set Status to In progress to count points","OK")))))))) | J8: =IF(OR($A8="",NOT(ISNUMBER($B8))),"",IF($C8="Winner",1,COUNTIFS($D$7:$D$156,$D8,$B$7:$B$156,$B8)-IF(AND(NOT($C8="Winner"),COUNTIFS($D$7:$D$156,$D8,$C$7:$C$156,"Winner",$B$7:$B$156,$B8)>0),1,0)))
D9: =IF($A9="","",IFERROR(IF(VLOOKUP($A9,Players!$A$2:$B$500,2,FALSE)="","Open",VLOOKUP($A9,Players!$A$2:$B$500,2,FALSE)),"Open")) | E9: =IF(OR($A9="",NOT(ISNUMBER($B9))),"",IF($C9="Winner",1,COUNTIFS($D$7:$D$156,$D9,$B$7:$B$156,"<"&$B9)+1+IF(AND(NOT($C9="Winner"),COUNTIFS($D$7:$D$156,$D9,$C$7:$C$156,"Winner",$B$7:$B$156,$B9)>0),1,0))) | F9: =IF(OR($A9="",NOT(ISNUMBER($B9))),"",COUNTIFS($D$7:$D$156,$D9,$B$7:$B$156,">0")) | G9: =IF(OR(OR($A9="",NOT(ISNUMBER($B9))),$B$2="Not started"),"",IF($C9="Winner",Points!$B$3,ROUND(Points!$B$3*IF($F9<=1,1,Points!$H$7+(1-Points!$H$7)*((($F9-$E9)*(($F9-$E9)+1)/2)^2-((($F9-$E9-$J9+1)-1)*($F9-$E9-$J9+1)/2)^2)/($J9*($F9-1)^3)),0))) | H9: =IF($A9="","",IF($B$2="Final","Final",IF($B$2="In progress","Projected","Not started"))) | I9: =IF($A9="","",IF(COUNTIF(Players!$A$2:$A$500,$A9)=0,"Player is not on the Players tab",IF(COUNTIF($A$7:$A$156,$A9)>1,"Player is listed twice",IF(NOT(ISNUMBER($B9)),"Enter a score",IF(COUNTIFS($D$7:$D$156,$D9,$C$7:$C$156,"Winner")>1,"More than one "&$D9&" winner picked",IF(AND($C9="Winner",COUNTIFS($D$7:$D$156,$D9,$B$7:$B$156,"<"&$B9)>0),"The winner doesn't have the best "&$D9&" score",IF(AND($B$2="Final",COUNTIFS($D$7:$D$156,$D9,$C$7:$C$156,"Winner")=0),"Final: pick the "&$D9&" winner",IF($B$2="Not started","Set Status to In progress to count points","OK")))))))) | J9: =IF(OR($A9="",NOT(ISNUMBER($B9))),"",IF($C9="Winner",1,COUNTIFS($D$7:$D$156,$D9,$B$7:$B$156,$B9)-IF(AND(NOT($C9="Winner"),COUNTIFS($D$7:$D$156,$D9,$C$7:$C$156,"Winner",$B$7:$B$156,$B9)>0),1,0)))
D10: =IF($A10="","",IFERROR(IF(VLOOKUP($A10,Players!$A$2:$B$500,2,FALSE)="","Open",VLOOKUP($A10,Players!$A$2:$B$500,2,FALSE)),"Open")) | E10: =IF(OR($A10="",NOT(ISNUMBER($B10))),"",IF($C10="Winner",1,COUNTIFS($D$7:$D$156,$D10,$B$7:$B$156,"<"&$B10)+1+IF(AND(NOT($C10="Winner"),COUNTIFS($D$7:$D$156,$D10,$C$7:$C$156,"Winner",$B$7:$B$156,$B10)>0),1,0))) | F10: =IF(OR($A10="",NOT(ISNUMBER($B10))),"",COUNTIFS($D$7:$D$156,$D10,$B$7:$B$156,">0")) | G10: =IF(OR(OR($A10="",NOT(ISNUMBER($B10))),$B$2="Not started"),"",IF($C10="Winner",Points!$B$3,ROUND(Points!$B$3*IF($F10<=1,1,Points!$H$7+(1-Points!$H$7)*((($F10-$E10)*(($F10-$E10)+1)/2)^2-((($F10-$E10-$J10+1)-1)*($F10-$E10-$J10+1)/2)^2)/($J10*($F10-1)^3)),0))) | H10: =IF($A10="","",IF($B$2="Final","Final",IF($B$2="In progress","Projected","Not started"))) | I10: =IF($A10="","",IF(COUNTIF(Players!$A$2:$A$500,$A10)=0,"Player is not on the Players tab",IF(COUNTIF($A$7:$A$156,$A10)>1,"Player is listed twice",IF(NOT(ISNUMBER($B10)),"Enter a score",IF(COUNTIFS($D$7:$D$156,$D10,$C$7:$C$156,"Winner")>1,"More than one "&$D10&" winner picked",IF(AND($C10="Winner",COUNTIFS($D$7:$D$156,$D10,$B$7:$B$156,"<"&$B10)>0),"The winner doesn't have the best "&$D10&" score",IF(AND($B$2="Final",COUNTIFS($D$7:$D$156,$D10,$C$7:$C$156,"Winner")=0),"Final: pick the "&$D10&" winner",IF($B$2="Not started","Set Status to In progress to count points","OK")))))))) | J10: =IF(OR($A10="",NOT(ISNUMBER($B10))),"",IF($C10="Winner",1,COUNTIFS($D$7:$D$156,$D10,$B$7:$B$156,$B10)-IF(AND(NOT($C10="Winner"),COUNTIFS($D$7:$D$156,$D10,$C$7:$C$156,"Winner",$B$7:$B$156,$B10)>0),1,0)))
D11: =IF($A11="","",IFERROR(IF(VLOOKUP($A11,Players!$A$2:$B$500,2,FALSE)="","Open",VLOOKUP($A11,Players!$A$2:$B$500,2,FALSE)),"Open")) | E11: =IF(OR($A11="",NOT(ISNUMBER($B11))),"",IF($C11="Winner",1,COUNTIFS($D$7:$D$156,$D11,$B$7:$B$156,"<"&$B11)+1+IF(AND(NOT($C11="Winner"),COUNTIFS($D$7:$D$156,$D11,$C$7:$C$156,"Winner",$B$7:$B$156,$B11)>0),1,0))) | F11: =IF(OR($A11="",NOT(ISNUMBER($B11))),"",COUNTIFS($D$7:$D$156,$D11,$B$7:$B$156,">0")) | G11: =IF(OR(OR($A11="",NOT(ISNUMBER($B11))),$B$2="Not started"),"",IF($C11="Winner",Points!$B$3,ROUND(Points!$B$3*IF($F11<=1,1,Points!$H$7+(1-Points!$H$7)*((($F11-$E11)*(($F11-$E11)+1)/2)^2-((($F11-$E11-$J11+1)-1)*($F11-$E11-$J11+1)/2)^2)/($J11*($F11-1)^3)),0))) | H11: =IF($A11="","",IF($B$2="Final","Final",IF($B$2="In progress","Projected","Not started"))) | I11: =IF($A11="","",IF(COUNTIF(Players!$A$2:$A$500,$A11)=0,"Player is not on the Players tab",IF(COUNTIF($A$7:$A$156,$A11)>1,"Player is listed twice",IF(NOT(ISNUMBER($B11)),"Enter a score",IF(COUNTIFS($D$7:$D$156,$D11,$C$7:$C$156,"Winner")>1,"More than one "&$D11&" winner picked",IF(AND($C11="Winner",COUNTIFS($D$7:$D$156,$D11,$B$7:$B$156,"<"&$B11)>0),"The winner doesn't have the best "&$D11&" score",IF(AND($B$2="Final",COUNTIFS($D$7:$D$156,$D11,$C$7:$C$156,"Winner")=0),"Final: pick the "&$D11&" winner",IF($B$2="Not started","Set Status to In progress to count points","OK")))))))) | J11: =IF(OR($A11="",NOT(ISNUMBER($B11))),"",IF($C11="Winner",1,COUNTIFS($D$7:$D$156,$D11,$B$7:$B$156,$B11)-IF(AND(NOT($C11="Winner"),COUNTIFS($D$7:$D$156,$D11,$C$7:$C$156,"Winner",$B$7:$B$156,$B11)>0),1,0)))
D12: =IF($A12="","",IFERROR(IF(VLOOKUP($A12,Players!$A$2:$B$500,2,FALSE)="","Open",VLOOKUP($A12,Players!$A$2:$B$500,2,FALSE)),"Open")) | E12: =IF(OR($A12="",NOT(ISNUMBER($B12))),"",IF($C12="Winner",1,COUNTIFS($D$7:$D$156,$D12,$B$7:$B$156,"<"&$B12)+1+IF(AND(NOT($C12="Winner"),COUNTIFS($D$7:$D$156,$D12,$C$7:$C$156,"Winner",$B$7:$B$156,$B12)>0),1,0))) | F12: =IF(OR($A12="",NOT(ISNUMBER($B12))),"",COUNTIFS($D$7:$D$156,$D12,$B$7:$B$156,">0")) | G12: =IF(OR(OR($A12="",NOT(ISNUMBER($B12))),$B$2="Not started"),"",IF($C12="Winner",Points!$B$3,ROUND(Points!$B$3*IF($F12<=1,1,Points!$H$7+(1-Points!$H$7)*((($F12-$E12)*(($F12-$E12)+1)/2)^2-((($F12-$E12-$J12+1)-1)*($F12-$E12-$J12+1)/2)^2)/($J12*($F12-1)^3)),0))) | H12: =IF($A12="","",IF($B$2="Final","Final",IF($B$2="In progress","Projected","Not started"))) | I12: =IF($A12="","",IF(COUNTIF(Players!$A$2:$A$500,$A12)=0,"Player is not on the Players tab",IF(COUNTIF($A$7:$A$156,$A12)>1,"Player is listed twice",IF(NOT(ISNUMBER($B12)),"Enter a score",IF(COUNTIFS($D$7:$D$156,$D12,$C$7:$C$156,"Winner")>1,"More than one "&$D12&" winner picked",IF(AND($C12="Winner",COUNTIFS($D$7:$D$156,$D12,$B$7:$B$156,"<"&$B12)>0),"The winner doesn't have the best "&$D12&" score",IF(AND($B$2="Final",COUNTIFS($D$7:$D$156,$D12,$C$7:$C$156,"Winner")=0),"Final: pick the "&$D12&" winner",IF($B$2="Not started","Set Status to In progress to count points","OK")))))))) | J12: =IF(OR($A12="",NOT(ISNUMBER($B12))),"",IF($C12="Winner",1,COUNTIFS($D$7:$D$156,$D12,$B$7:$B$156,$B12)-IF(AND(NOT($C12="Winner"),COUNTIFS($D$7:$D$156,$D12,$C$7:$C$156,"Winner",$B$7:$B$156,$B12)>0),1,0)))
D13: =IF($A13="","",IFERROR(IF(VLOOKUP($A13,Players!$A$2:$B$500,2,FALSE)="","Open",VLOOKUP($A13,Players!$A$2:$B$500,2,FALSE)),"Open")) | E13: =IF(OR($A13="",NOT(ISNUMBER($B13))),"",IF($C13="Winner",1,COUNTIFS($D$7:$D$156,$D13,$B$7:$B$156,"<"&$B13)+1+IF(AND(NOT($C13="Winner"),COUNTIFS($D$7:$D$156,$D13,$C$7:$C$156,"Winner",$B$7:$B$156,$B13)>0),1,0))) | F13: =IF(OR($A13="",NOT(ISNUMBER($B13))),"",COUNTIFS($D$7:$D$156,$D13,$B$7:$B$156,">0")) | G13: =IF(OR(OR($A13="",NOT(ISNUMBER($B13))),$B$2="Not started"),"",IF($C13="Winner",Points!$B$3,ROUND(Points!$B$3*IF($F13<=1,1,Points!$H$7+(1-Points!$H$7)*((($F13-$E13)*(($F13-$E13)+1)/2)^2-((($F13-$E13-$J13+1)-1)*($F13-$E13-$J13+1)/2)^2)/($J13*($F13-1)^3)),0))) | H13: =IF($A13="","",IF($B$2="Final","Final",IF($B$2="In progress","Projected","Not started"))) | I13: =IF($A13="","",IF(COUNTIF(Players!$A$2:$A$500,$A13)=0,"Player is not on the Players tab",IF(COUNTIF($A$7:$A$156,$A13)>1,"Player is listed twice",IF(NOT(ISNUMBER($B13)),"Enter a score",IF(COUNTIFS($D$7:$D$156,$D13,$C$7:$C$156,"Winner")>1,"More than one "&$D13&" winner picked",IF(AND($C13="Winner",COUNTIFS($D$7:$D$156,$D13,$B$7:$B$156,"<"&$B13)>0),"The winner doesn't have the best "&$D13&" score",IF(AND($B$2="Final",COUNTIFS($D$7:$D$156,$D13,$C$7:$C$156,"Winner")=0),"Final: pick the "&$D13&" winner",IF($B$2="Not started","Set Status to In progress to count points","OK")))))))) | J13: =IF(OR($A13="",NOT(ISNUMBER($B13))),"",IF($C13="Winner",1,COUNTIFS($D$7:$D$156,$D13,$B$7:$B$156,$B13)-IF(AND(NOT($C13="Winner"),COUNTIFS($D$7:$D$156,$D13,$C$7:$C$156,"Winner",$B$7:$B$156,$B13)>0),1,0)))
D14: =IF($A14="","",IFERROR(IF(VLOOKUP($A14,Players!$A$2:$B$500,2,FALSE)="","Open",VLOOKUP($A14,Players!$A$2:$B$500,2,FALSE)),"Open")) | E14: =IF(OR($A14="",NOT(ISNUMBER($B14))),"",IF($C14="Winner",1,COUNTIFS($D$7:$D$156,$D14,$B$7:$B$156,"<"&$B14)+1+IF(AND(NOT($C14="Winner"),COUNTIFS($D$7:$D$156,$D14,$C$7:$C$156,"Winner",$B$7:$B$156,$B14)>0),1,0))) | F14: =IF(OR($A14="",NOT(ISNUMBER($B14))),"",COUNTIFS($D$7:$D$156,$D14,$B$7:$B$156,">0")) | G14: =IF(OR(OR($A14="",NOT(ISNUMBER($B14))),$B$2="Not started"),"",IF($C14="Winner",Points!$B$3,ROUND(Points!$B$3*IF($F14<=1,1,Points!$H$7+(1-Points!$H$7)*((($F14-$E14)*(($F14-$E14)+1)/2)^2-((($F14-$E14-$J14+1)-1)*($F14-$E14-$J14+1)/2)^2)/($J14*($F14-1)^3)),0))) | H14: =IF($A14="","",IF($B$2="Final","Final",IF($B$2="In progress","Projected","Not started"))) | I14: =IF($A14="","",IF(COUNTIF(Players!$A$2:$A$500,$A14)=0,"Player is not on the Players tab",IF(COUNTIF($A$7:$A$156,$A14)>1,"Player is listed twice",IF(NOT(ISNUMBER($B14)),"Enter a score",IF(COUNTIFS($D$7:$D$156,$D14,$C$7:$C$156,"Winner")>1,"More than one "&$D14&" winner picked",IF(AND($C14="Winner",COUNTIFS($D$7:$D$156,$D14,$B$7:$B$156,"<"&$B14)>0),"The winner doesn't have the best "&$D14&" score",IF(AND($B$2="Final",COUNTIFS($D$7:$D$156,$D14,$C$7:$C$156,"Winner")=0),"Final: pick the "&$D14&" winner",IF($B$2="Not started","Set Status to In progress to count points","OK")))))))) | J14: =IF(OR($A14="",NOT(ISNUMBER($B14))),"",IF($C14="Winner",1,COUNTIFS($D$7:$D$156,$D14,$B$7:$B$156,$B14)-IF(AND(NOT($C14="Winner"),COUNTIFS($D$7:$D$156,$D14,$C$7:$C$156,"Winner",$B$7:$B$156,$B14)>0),1,0)))
D15: =IF($A15="","",IFERROR(IF(VLOOKUP($A15,Players!$A$2:$B$500,2,FALSE)="","Open",VLOOKUP($A15,Players!$A$2:$B$500,2,FALSE)),"Open")) | E15: =IF(OR($A15="",NOT(ISNUMBER($B15))),"",IF($C15="Winner",1,COUNTIFS($D$7:$D$156,$D15,$B$7:$B$156,"<"&$B15)+1+IF(AND(NOT($C15="Winner"),COUNTIFS($D$7:$D$156,$D15,$C$7:$C$156,"Winner",$B$7:$B$156,$B15)>0),1,0))) | F15: =IF(OR($A15="",NOT(ISNUMBER($B15))),"",COUNTIFS($D$7:$D$156,$D15,$B$7:$B$156,">0")) | G15: =IF(OR(OR($A15="",NOT(ISNUMBER($B15))),$B$2="Not started"),"",IF($C15="Winner",Points!$B$3,ROUND(Points!$B$3*IF($F15<=1,1,Points!$H$7+(1-Points!$H$7)*((($F15-$E15)*(($F15-$E15)+1)/2)^2-((($F15-$E15-$J15+1)-1)*($F15-$E15-$J15+1)/2)^2)/($J15*($F15-1)^3)),0))) | H15: =IF($A15="","",IF($B$2="Final","Final",IF($B$2="In progress","Projected","Not started"))) | I15: =IF($A15="","",IF(COUNTIF(Players!$A$2:$A$500,$A15)=0,"Player is not on the Players tab",IF(COUNTIF($A$7:$A$156,$A15)>1,"Player is listed twice",IF(NOT(ISNUMBER($B15)),"Enter a score",IF(COUNTIFS($D$7:$D$156,$D15,$C$7:$C$156,"Winner")>1,"More than one "&$D15&" winner picked",IF(AND($C15="Winner",COUNTIFS($D$7:$D$156,$D15,$B$7:$B$156,"<"&$B15)>0),"The winner doesn't have the best "&$D15&" score",IF(AND($B$2="Final",COUNTIFS($D$7:$D$156,$D15,$C$7:$C$156,"Winner")=0),"Final: pick the "&$D15&" winner",IF($B$2="Not started","Set Status to In progress to count points","OK")))))))) | J15: =IF(OR($A15="",NOT(ISNUMBER($B15))),"",IF($C15="Winner",1,COUNTIFS($D$7:$D$156,$D15,$B$7:$B$156,$B15)-IF(AND(NOT($C15="Winner"),COUNTIFS($D$7:$D$156,$D15,$C$7:$C$156,"Winner",$B$7:$B$156,$B15)>0),1,0)))
D16: =IF($A16="","",IFERROR(IF(VLOOKUP($A16,Players!$A$2:$B$500,2,FALSE)="","Open",VLOOKUP($A16,Players!$A$2:$B$500,2,FALSE)),"Open")) | E16: =IF(OR($A16="",NOT(ISNUMBER($B16))),"",IF($C16="Winner",1,COUNTIFS($D$7:$D$156,$D16,$B$7:$B$156,"<"&$B16)+1+IF(AND(NOT($C16="Winner"),COUNTIFS($D$7:$D$156,$D16,$C$7:$C$156,"Winner",$B$7:$B$156,$B16)>0),1,0))) | F16: =IF(OR($A16="",NOT(ISNUMBER($B16))),"",COUNTIFS($D$7:$D$156,$D16,$B$7:$B$156,">0")) | G16: =IF(OR(OR($A16="",NOT(ISNUMBER($B16))),$B$2="Not started"),"",IF($C16="Winner",Points!$B$3,ROUND(Points!$B$3*IF($F16<=1,1,Points!$H$7+(1-Points!$H$7)*((($F16-$E16)*(($F16-$E16)+1)/2)^2-((($F16-$E16-$J16+1)-1)*($F16-$E16-$J16+1)/2)^2)/($J16*($F16-1)^3)),0))) | H16: =IF($A16="","",IF($B$2="Final","Final",IF($B$2="In progress","Projected","Not started"))) | I16: =IF($A16="","",IF(COUNTIF(Players!$A$2:$A$500,$A16)=0,"Player is not on the Players tab",IF(COUNTIF($A$7:$A$156,$A16)>1,"Player is listed twice",IF(NOT(ISNUMBER($B16)),"Enter a score",IF(COUNTIFS($D$7:$D$156,$D16,$C$7:$C$156,"Winner")>1,"More than one "&$D16&" winner picked",IF(AND($C16="Winner",COUNTIFS($D$7:$D$156,$D16,$B$7:$B$156,"<"&$B16)>0),"The winner doesn't have the best "&$D16&" score",IF(AND($B$2="Final",COUNTIFS($D$7:$D$156,$D16,$C$7:$C$156,"Winner")=0),"Final: pick the "&$D16&" winner",IF($B$2="Not started","Set Status to In progress to count points","OK")))))))) | J16: =IF(OR($A16="",NOT(ISNUMBER($B16))),"",IF($C16="Winner",1,COUNTIFS($D$7:$D$156,$D16,$B$7:$B$156,$B16)-IF(AND(NOT($C16="Winner"),COUNTIFS($D$7:$D$156,$D16,$C$7:$C$156,"Winner",$B$7:$B$156,$B16)>0),1,0)))
D17: =IF($A17="","",IFERROR(IF(VLOOKUP($A17,Players!$A$2:$B$500,2,FALSE)="","Open",VLOOKUP($A17,Players!$A$2:$B$500,2,FALSE)),"Open")) | E17: =IF(OR($A17="",NOT(ISNUMBER($B17))),"",IF($C17="Winner",1,COUNTIFS($D$7:$D$156,$D17,$B$7:$B$156,"<"&$B17)+1+IF(AND(NOT($C17="Winner"),COUNTIFS($D$7:$D$156,$D17,$C$7:$C$156,"Winner",$B$7:$B$156,$B17)>0),1,0))) | F17: =IF(OR($A17="",NOT(ISNUMBER($B17))),"",COUNTIFS($D$7:$D$156,$D17,$B$7:$B$156,">0")) | G17: =IF(OR(OR($A17="",NOT(ISNUMBER($B17))),$B$2="Not started"),"",IF($C17="Winner",Points!$B$3,ROUND(Points!$B$3*IF($F17<=1,1,Points!$H$7+(1-Points!$H$7)*((($F17-$E17)*(($F17-$E17)+1)/2)^2-((($F17-$E17-$J17+1)-1)*($F17-$E17-$J17+1)/2)^2)/($J17*($F17-1)^3)),0))) | H17: =IF($A17="","",IF($B$2="Final","Final",IF($B$2="In progress","Projected","Not started"))) | I17: =IF($A17="","",IF(COUNTIF(Players!$A$2:$A$500,$A17)=0,"Player is not on the Players tab",IF(COUNTIF($A$7:$A$156,$A17)>1,"Player is listed twice",IF(NOT(ISNUMBER($B17)),"Enter a score",IF(COUNTIFS($D$7:$D$156,$D17,$C$7:$C$156,"Winner")>1,"More than one "&$D17&" winner picked",IF(AND($C17="Winner",COUNTIFS($D$7:$D$156,$D17,$B$7:$B$156,"<"&$B17)>0),"The winner doesn't have the best "&$D17&" score",IF(AND($B$2="Final",COUNTIFS($D$7:$D$156,$D17,$C$7:$C$156,"Winner")=0),"Final: pick the "&$D17&" winner",IF($B$2="Not started","Set Status to In progress to count points","OK")))))))) | J17: =IF(OR($A17="",NOT(ISNUMBER($B17))),"",IF($C17="Winner",1,COUNTIFS($D$7:$D$156,$D17,$B$7:$B$156,$B17)-IF(AND(NOT($C17="Winner"),COUNTIFS($D$7:$D$156,$D17,$C$7:$C$156,"Winner",$B$7:$B$156,$B17)>0),1,0)))
D18: =IF($A18="","",IFERROR(IF(VLOOKUP($A18,Players!$A$2:$B$500,2,FALSE)="","Open",VLOOKUP($A18,Players!$A$2:$B$500,2,FALSE)),"Open")) | E18: =IF(OR($A18="",NOT(ISNUMBER($B18))),"",IF($C18="Winner",1,COUNTIFS($D$7:$D$156,$D18,$B$7:$B$156,"<"&$B18)+1+IF(AND(NOT($C18="Winner"),COUNTIFS($D$7:$D$156,$D18,$C$7:$C$156,"Winner",$B$7:$B$156,$B18)>0),1,0))) | F18: =IF(OR($A18="",NOT(ISNUMBER($B18))),"",COUNTIFS($D$7:$D$156,$D18,$B$7:$B$156,">0")) | G18: =IF(OR(OR($A18="",NOT(ISNUMBER($B18))),$B$2="Not started"),"",IF($C18="Winner",Points!$B$3,ROUND(Points!$B$3*IF($F18<=1,1,Points!$H$7+(1-Points!$H$7)*((($F18-$E18)*(($F18-$E18)+1)/2)^2-((($F18-$E18-$J18+1)-1)*($F18-$E18-$J18+1)/2)^2)/($J18*($F18-1)^3)),0))) | H18: =IF($A18="","",IF($B$2="Final","Final",IF($B$2="In progress","Projected","Not started"))) | I18: =IF($A18="","",IF(COUNTIF(Players!$A$2:$A$500,$A18)=0,"Player is not on the Players tab",IF(COUNTIF($A$7:$A$156,$A18)>1,"Player is listed twice",IF(NOT(ISNUMBER($B18)),"Enter a score",IF(COUNTIFS($D$7:$D$156,$D18,$C$7:$C$156,"Winner")>1,"More than one "&$D18&" winner picked",IF(AND($C18="Winner",COUNTIFS($D$7:$D$156,$D18,$B$7:$B$156,"<"&$B18)>0),"The winner doesn't have the best "&$D18&" score",IF(AND($B$2="Final",COUNTIFS($D$7:$D$156,$D18,$C$7:$C$156,"Winner")=0),"Final: pick the "&$D18&" winner",IF($B$2="Not started","Set Status to In progress to count points","OK")))))))) | J18: =IF(OR($A18="",NOT(ISNUMBER($B18))),"",IF($C18="Winner",1,COUNTIFS($D$7:$D$156,$D18,$B$7:$B$156,$B18)-IF(AND(NOT($C18="Winner"),COUNTIFS($D$7:$D$156,$D18,$C$7:$C$156,"Winner",$B$7:$B$156,$B18)>0),1,0)))
... D156: =IF($A156="","",IFERROR(IF(VLOOKUP($A156,Players!$A$2:$B$500,2,FALSE)="","Open",VLOOKUP($A156,Players!$A$2:$B$500,2,FALSE)),"Open")) | E156: =IF(OR($A156="",NOT(ISNUMBER($B156))),"",IF($C156="Winner",1,COUNTIFS($D$7:$D$156,$D156,$B$7:$B$156,"<"&$B156)+1+IF(AND(NOT($C156="Winner"),COUNTIFS($D$7:$D$156,$D156,$C$7:$C$156,"Winner",$B$7:$B$156,$B156)>0),1,0))) | F156: =IF(OR($A156="",NOT(ISNUMBER($B156))),"",COUNTIFS($D$7:$D$156,$D156,$B$7:$B$156,">0")) | G156: =IF(OR(OR($A156="",NOT(ISNUMBER($B156))),$B$2="Not started"),"",IF($C156="Winner",Points!$B$3,ROUND(Points!$B$3*IF($F156<=1,1,Points!$H$7+(1-Points!$H$7)*((($F156-$E156)*(($F156-$E156)+1)/2)^2-((($F156-$E156-$J156+1)-1)*($F156-$E156-$J156+1)/2)^2)/($J156*($F156-1)^3)),0))) | H156: =IF($A156="","",IF($B$2="Final","Final",IF($B$2="In progress","Projected","Not started"))) | I156: =IF($A156="","",IF(COUNTIF(Players!$A$2:$A$500,$A156)=0,"Player is not on the Players tab",IF(COUNTIF($A$7:$A$156,$A156)>1,"Player is listed twice",IF(NOT(ISNUMBER($B156)),"Enter a score",IF(COUNTIFS($D$7:$D$156,$D156,$C$7:$C$156,"Winner")>1,"More than one "&$D156&" winner picked",IF(AND($C156="Winner",COUNTIFS($D$7:$D$156,$D156,$B$7:$B$156,"<"&$B156)>0),"The winner doesn't have the best "&$D156&" score",IF(AND($B$2="Final",COUNTIFS($D$7:$D$156,$D156,$C$7:$C$156,"Winner")=0),"Final: pick the "&$D156&" winner",IF($B$2="Not started","Set Status to In progress to count points","OK")))))))) | J156: =IF(OR($A156="",NOT(ISNUMBER($B156))),"",IF($C156="Winner",1,COUNTIFS($D$7:$D$156,$D156,$B$7:$B$156,$B156)-IF(AND(NOT($C156="Winner"),COUNTIFS($D$7:$D$156,$D156,$C$7:$C$156,"Winner",$B$7:$B$156,$B156)>0),1,0)))

Sheet PGA Championship
A1: PGA Championship | D1: One row per player. Enter their best score so far in strokes; type over it when they beat it.
A2: Status | B2: Not started | C2: In progress: points are projected from the leaderboard. Final: points are official and the scores lock.
A3: End date
A4: Division comes from the Players tab. Open and Senior are ranked separately. Pick one Winner per division; anyone tied with the winner is scored from 2nd place down.
A6: Player | B6: Best Score (strokes) | C6: Winner | D6: Division | E6: Rank | F6: Field | G6: Points | H6: Status | I6: Check | J6: Tied
D7: =IF($A7="","",IFERROR(IF(VLOOKUP($A7,Players!$A$2:$B$500,2,FALSE)="","Open",VLOOKUP($A7,Players!$A$2:$B$500,2,FALSE)),"Open")) | E7: =IF(OR($A7="",NOT(ISNUMBER($B7))),"",IF($C7="Winner",1,COUNTIFS($D$7:$D$156,$D7,$B$7:$B$156,"<"&$B7)+1+IF(AND(NOT($C7="Winner"),COUNTIFS($D$7:$D$156,$D7,$C$7:$C$156,"Winner",$B$7:$B$156,$B7)>0),1,0))) | F7: =IF(OR($A7="",NOT(ISNUMBER($B7))),"",COUNTIFS($D$7:$D$156,$D7,$B$7:$B$156,">0")) | G7: =IF(OR(OR($A7="",NOT(ISNUMBER($B7))),$B$2="Not started"),"",IF($C7="Winner",Points!$B$3,ROUND(Points!$B$3*IF($F7<=1,1,Points!$H$7+(1-Points!$H$7)*((($F7-$E7)*(($F7-$E7)+1)/2)^2-((($F7-$E7-$J7+1)-1)*($F7-$E7-$J7+1)/2)^2)/($J7*($F7-1)^3)),0))) | H7: =IF($A7="","",IF($B$2="Final","Final",IF($B$2="In progress","Projected","Not started"))) | I7: =IF($A7="","",IF(COUNTIF(Players!$A$2:$A$500,$A7)=0,"Player is not on the Players tab",IF(COUNTIF($A$7:$A$156,$A7)>1,"Player is listed twice",IF(NOT(ISNUMBER($B7)),"Enter a score",IF(COUNTIFS($D$7:$D$156,$D7,$C$7:$C$156,"Winner")>1,"More than one "&$D7&" winner picked",IF(AND($C7="Winner",COUNTIFS($D$7:$D$156,$D7,$B$7:$B$156,"<"&$B7)>0),"The winner doesn't have the best "&$D7&" score",IF(AND($B$2="Final",COUNTIFS($D$7:$D$156,$D7,$C$7:$C$156,"Winner")=0),"Final: pick the "&$D7&" winner",IF($B$2="Not started","Set Status to In progress to count points","OK")))))))) | J7: =IF(OR($A7="",NOT(ISNUMBER($B7))),"",IF($C7="Winner",1,COUNTIFS($D$7:$D$156,$D7,$B$7:$B$156,$B7)-IF(AND(NOT($C7="Winner"),COUNTIFS($D$7:$D$156,$D7,$C$7:$C$156,"Winner",$B$7:$B$156,$B7)>0),1,0)))
D8: =IF($A8="","",IFERROR(IF(VLOOKUP($A8,Players!$A$2:$B$500,2,FALSE)="","Open",VLOOKUP($A8,Players!$A$2:$B$500,2,FALSE)),"Open")) | E8: =IF(OR($A8="",NOT(ISNUMBER($B8))),"",IF($C8="Winner",1,COUNTIFS($D$7:$D$156,$D8,$B$7:$B$156,"<"&$B8)+1+IF(AND(NOT($C8="Winner"),COUNTIFS($D$7:$D$156,$D8,$C$7:$C$156,"Winner",$B$7:$B$156,$B8)>0),1,0))) | F8: =IF(OR($A8="",NOT(ISNUMBER($B8))),"",COUNTIFS($D$7:$D$156,$D8,$B$7:$B$156,">0")) | G8: =IF(OR(OR($A8="",NOT(ISNUMBER($B8))),$B$2="Not started"),"",IF($C8="Winner",Points!$B$3,ROUND(Points!$B$3*IF($F8<=1,1,Points!$H$7+(1-Points!$H$7)*((($F8-$E8)*(($F8-$E8)+1)/2)^2-((($F8-$E8-$J8+1)-1)*($F8-$E8-$J8+1)/2)^2)/($J8*($F8-1)^3)),0))) | H8: =IF($A8="","",IF($B$2="Final","Final",IF($B$2="In progress","Projected","Not started"))) | I8: =IF($A8="","",IF(COUNTIF(Players!$A$2:$A$500,$A8)=0,"Player is not on the Players tab",IF(COUNTIF($A$7:$A$156,$A8)>1,"Player is listed twice",IF(NOT(ISNUMBER($B8)),"Enter a score",IF(COUNTIFS($D$7:$D$156,$D8,$C$7:$C$156,"Winner")>1,"More than one "&$D8&" winner picked",IF(AND($C8="Winner",COUNTIFS($D$7:$D$156,$D8,$B$7:$B$156,"<"&$B8)>0),"The winner doesn't have the best "&$D8&" score",IF(AND($B$2="Final",COUNTIFS($D$7:$D$156,$D8,$C$7:$C$156,"Winner")=0),"Final: pick the "&$D8&" winner",IF($B$2="Not started","Set Status to In progress to count points","OK")))))))) | J8: =IF(OR($A8="",NOT(ISNUMBER($B8))),"",IF($C8="Winner",1,COUNTIFS($D$7:$D$156,$D8,$B$7:$B$156,$B8)-IF(AND(NOT($C8="Winner"),COUNTIFS($D$7:$D$156,$D8,$C$7:$C$156,"Winner",$B$7:$B$156,$B8)>0),1,0)))
D9: =IF($A9="","",IFERROR(IF(VLOOKUP($A9,Players!$A$2:$B$500,2,FALSE)="","Open",VLOOKUP($A9,Players!$A$2:$B$500,2,FALSE)),"Open")) | E9: =IF(OR($A9="",NOT(ISNUMBER($B9))),"",IF($C9="Winner",1,COUNTIFS($D$7:$D$156,$D9,$B$7:$B$156,"<"&$B9)+1+IF(AND(NOT($C9="Winner"),COUNTIFS($D$7:$D$156,$D9,$C$7:$C$156,"Winner",$B$7:$B$156,$B9)>0),1,0))) | F9: =IF(OR($A9="",NOT(ISNUMBER($B9))),"",COUNTIFS($D$7:$D$156,$D9,$B$7:$B$156,">0")) | G9: =IF(OR(OR($A9="",NOT(ISNUMBER($B9))),$B$2="Not started"),"",IF($C9="Winner",Points!$B$3,ROUND(Points!$B$3*IF($F9<=1,1,Points!$H$7+(1-Points!$H$7)*((($F9-$E9)*(($F9-$E9)+1)/2)^2-((($F9-$E9-$J9+1)-1)*($F9-$E9-$J9+1)/2)^2)/($J9*($F9-1)^3)),0))) | H9: =IF($A9="","",IF($B$2="Final","Final",IF($B$2="In progress","Projected","Not started"))) | I9: =IF($A9="","",IF(COUNTIF(Players!$A$2:$A$500,$A9)=0,"Player is not on the Players tab",IF(COUNTIF($A$7:$A$156,$A9)>1,"Player is listed twice",IF(NOT(ISNUMBER($B9)),"Enter a score",IF(COUNTIFS($D$7:$D$156,$D9,$C$7:$C$156,"Winner")>1,"More than one "&$D9&" winner picked",IF(AND($C9="Winner",COUNTIFS($D$7:$D$156,$D9,$B$7:$B$156,"<"&$B9)>0),"The winner doesn't have the best "&$D9&" score",IF(AND($B$2="Final",COUNTIFS($D$7:$D$156,$D9,$C$7:$C$156,"Winner")=0),"Final: pick the "&$D9&" winner",IF($B$2="Not started","Set Status to In progress to count points","OK")))))))) | J9: =IF(OR($A9="",NOT(ISNUMBER($B9))),"",IF($C9="Winner",1,COUNTIFS($D$7:$D$156,$D9,$B$7:$B$156,$B9)-IF(AND(NOT($C9="Winner"),COUNTIFS($D$7:$D$156,$D9,$C$7:$C$156,"Winner",$B$7:$B$156,$B9)>0),1,0)))
D10: =IF($A10="","",IFERROR(IF(VLOOKUP($A10,Players!$A$2:$B$500,2,FALSE)="","Open",VLOOKUP($A10,Players!$A$2:$B$500,2,FALSE)),"Open")) | E10: =IF(OR($A10="",NOT(ISNUMBER($B10))),"",IF($C10="Winner",1,COUNTIFS($D$7:$D$156,$D10,$B$7:$B$156,"<"&$B10)+1+IF(AND(NOT($C10="Winner"),COUNTIFS($D$7:$D$156,$D10,$C$7:$C$156,"Winner",$B$7:$B$156,$B10)>0),1,0))) | F10: =IF(OR($A10="",NOT(ISNUMBER($B10))),"",COUNTIFS($D$7:$D$156,$D10,$B$7:$B$156,">0")) | G10: =IF(OR(OR($A10="",NOT(ISNUMBER($B10))),$B$2="Not started"),"",IF($C10="Winner",Points!$B$3,ROUND(Points!$B$3*IF($F10<=1,1,Points!$H$7+(1-Points!$H$7)*((($F10-$E10)*(($F10-$E10)+1)/2)^2-((($F10-$E10-$J10+1)-1)*($F10-$E10-$J10+1)/2)^2)/($J10*($F10-1)^3)),0))) | H10: =IF($A10="","",IF($B$2="Final","Final",IF($B$2="In progress","Projected","Not started"))) | I10: =IF($A10="","",IF(COUNTIF(Players!$A$2:$A$500,$A10)=0,"Player is not on the Players tab",IF(COUNTIF($A$7:$A$156,$A10)>1,"Player is listed twice",IF(NOT(ISNUMBER($B10)),"Enter a score",IF(COUNTIFS($D$7:$D$156,$D10,$C$7:$C$156,"Winner")>1,"More than one "&$D10&" winner picked",IF(AND($C10="Winner",COUNTIFS($D$7:$D$156,$D10,$B$7:$B$156,"<"&$B10)>0),"The winner doesn't have the best "&$D10&" score",IF(AND($B$2="Final",COUNTIFS($D$7:$D$156,$D10,$C$7:$C$156,"Winner")=0),"Final: pick the "&$D10&" winner",IF($B$2="Not started","Set Status to In progress to count points","OK")))))))) | J10: =IF(OR($A10="",NOT(ISNUMBER($B10))),"",IF($C10="Winner",1,COUNTIFS($D$7:$D$156,$D10,$B$7:$B$156,$B10)-IF(AND(NOT($C10="Winner"),COUNTIFS($D$7:$D$156,$D10,$C$7:$C$156,"Winner",$B$7:$B$156,$B10)>0),1,0)))
D11: =IF($A11="","",IFERROR(IF(VLOOKUP($A11,Players!$A$2:$B$500,2,FALSE)="","Open",VLOOKUP($A11,Players!$A$2:$B$500,2,FALSE)),"Open")) | E11: =IF(OR($A11="",NOT(ISNUMBER($B11))),"",IF($C11="Winner",1,COUNTIFS($D$7:$D$156,$D11,$B$7:$B$156,"<"&$B11)+1+IF(AND(NOT($C11="Winner"),COUNTIFS($D$7:$D$156,$D11,$C$7:$C$156,"Winner",$B$7:$B$156,$B11)>0),1,0))) | F11: =IF(OR($A11="",NOT(ISNUMBER($B11))),"",COUNTIFS($D$7:$D$156,$D11,$B$7:$B$156,">0")) | G11: =IF(OR(OR($A11="",NOT(ISNUMBER($B11))),$B$2="Not started"),"",IF($C11="Winner",Points!$B$3,ROUND(Points!$B$3*IF($F11<=1,1,Points!$H$7+(1-Points!$H$7)*((($F11-$E11)*(($F11-$E11)+1)/2)^2-((($F11-$E11-$J11+1)-1)*($F11-$E11-$J11+1)/2)^2)/($J11*($F11-1)^3)),0))) | H11: =IF($A11="","",IF($B$2="Final","Final",IF($B$2="In progress","Projected","Not started"))) | I11: =IF($A11="","",IF(COUNTIF(Players!$A$2:$A$500,$A11)=0,"Player is not on the Players tab",IF(COUNTIF($A$7:$A$156,$A11)>1,"Player is listed twice",IF(NOT(ISNUMBER($B11)),"Enter a score",IF(COUNTIFS($D$7:$D$156,$D11,$C$7:$C$156,"Winner")>1,"More than one "&$D11&" winner picked",IF(AND($C11="Winner",COUNTIFS($D$7:$D$156,$D11,$B$7:$B$156,"<"&$B11)>0),"The winner doesn't have the best "&$D11&" score",IF(AND($B$2="Final",COUNTIFS($D$7:$D$156,$D11,$C$7:$C$156,"Winner")=0),"Final: pick the "&$D11&" winner",IF($B$2="Not started","Set Status to In progress to count points","OK")))))))) | J11: =IF(OR($A11="",NOT(ISNUMBER($B11))),"",IF($C11="Winner",1,COUNTIFS($D$7:$D$156,$D11,$B$7:$B$156,$B11)-IF(AND(NOT($C11="Winner"),COUNTIFS($D$7:$D$156,$D11,$C$7:$C$156,"Winner",$B$7:$B$156,$B11)>0),1,0)))
D12: =IF($A12="","",IFERROR(IF(VLOOKUP($A12,Players!$A$2:$B$500,2,FALSE)="","Open",VLOOKUP($A12,Players!$A$2:$B$500,2,FALSE)),"Open")) | E12: =IF(OR($A12="",NOT(ISNUMBER($B12))),"",IF($C12="Winner",1,COUNTIFS($D$7:$D$156,$D12,$B$7:$B$156,"<"&$B12)+1+IF(AND(NOT($C12="Winner"),COUNTIFS($D$7:$D$156,$D12,$C$7:$C$156,"Winner",$B$7:$B$156,$B12)>0),1,0))) | F12: =IF(OR($A12="",NOT(ISNUMBER($B12))),"",COUNTIFS($D$7:$D$156,$D12,$B$7:$B$156,">0")) | G12: =IF(OR(OR($A12="",NOT(ISNUMBER($B12))),$B$2="Not started"),"",IF($C12="Winner",Points!$B$3,ROUND(Points!$B$3*IF($F12<=1,1,Points!$H$7+(1-Points!$H$7)*((($F12-$E12)*(($F12-$E12)+1)/2)^2-((($F12-$E12-$J12+1)-1)*($F12-$E12-$J12+1)/2)^2)/($J12*($F12-1)^3)),0))) | H12: =IF($A12="","",IF($B$2="Final","Final",IF($B$2="In progress","Projected","Not started"))) | I12: =IF($A12="","",IF(COUNTIF(Players!$A$2:$A$500,$A12)=0,"Player is not on the Players tab",IF(COUNTIF($A$7:$A$156,$A12)>1,"Player is listed twice",IF(NOT(ISNUMBER($B12)),"Enter a score",IF(COUNTIFS($D$7:$D$156,$D12,$C$7:$C$156,"Winner")>1,"More than one "&$D12&" winner picked",IF(AND($C12="Winner",COUNTIFS($D$7:$D$156,$D12,$B$7:$B$156,"<"&$B12)>0),"The winner doesn't have the best "&$D12&" score",IF(AND($B$2="Final",COUNTIFS($D$7:$D$156,$D12,$C$7:$C$156,"Winner")=0),"Final: pick the "&$D12&" winner",IF($B$2="Not started","Set Status to In progress to count points","OK")))))))) | J12: =IF(OR($A12="",NOT(ISNUMBER($B12))),"",IF($C12="Winner",1,COUNTIFS($D$7:$D$156,$D12,$B$7:$B$156,$B12)-IF(AND(NOT($C12="Winner"),COUNTIFS($D$7:$D$156,$D12,$C$7:$C$156,"Winner",$B$7:$B$156,$B12)>0),1,0)))
D13: =IF($A13="","",IFERROR(IF(VLOOKUP($A13,Players!$A$2:$B$500,2,FALSE)="","Open",VLOOKUP($A13,Players!$A$2:$B$500,2,FALSE)),"Open")) | E13: =IF(OR($A13="",NOT(ISNUMBER($B13))),"",IF($C13="Winner",1,COUNTIFS($D$7:$D$156,$D13,$B$7:$B$156,"<"&$B13)+1+IF(AND(NOT($C13="Winner"),COUNTIFS($D$7:$D$156,$D13,$C$7:$C$156,"Winner",$B$7:$B$156,$B13)>0),1,0))) | F13: =IF(OR($A13="",NOT(ISNUMBER($B13))),"",COUNTIFS($D$7:$D$156,$D13,$B$7:$B$156,">0")) | G13: =IF(OR(OR($A13="",NOT(ISNUMBER($B13))),$B$2="Not started"),"",IF($C13="Winner",Points!$B$3,ROUND(Points!$B$3*IF($F13<=1,1,Points!$H$7+(1-Points!$H$7)*((($F13-$E13)*(($F13-$E13)+1)/2)^2-((($F13-$E13-$J13+1)-1)*($F13-$E13-$J13+1)/2)^2)/($J13*($F13-1)^3)),0))) | H13: =IF($A13="","",IF($B$2="Final","Final",IF($B$2="In progress","Projected","Not started"))) | I13: =IF($A13="","",IF(COUNTIF(Players!$A$2:$A$500,$A13)=0,"Player is not on the Players tab",IF(COUNTIF($A$7:$A$156,$A13)>1,"Player is listed twice",IF(NOT(ISNUMBER($B13)),"Enter a score",IF(COUNTIFS($D$7:$D$156,$D13,$C$7:$C$156,"Winner")>1,"More than one "&$D13&" winner picked",IF(AND($C13="Winner",COUNTIFS($D$7:$D$156,$D13,$B$7:$B$156,"<"&$B13)>0),"The winner doesn't have the best "&$D13&" score",IF(AND($B$2="Final",COUNTIFS($D$7:$D$156,$D13,$C$7:$C$156,"Winner")=0),"Final: pick the "&$D13&" winner",IF($B$2="Not started","Set Status to In progress to count points","OK")))))))) | J13: =IF(OR($A13="",NOT(ISNUMBER($B13))),"",IF($C13="Winner",1,COUNTIFS($D$7:$D$156,$D13,$B$7:$B$156,$B13)-IF(AND(NOT($C13="Winner"),COUNTIFS($D$7:$D$156,$D13,$C$7:$C$156,"Winner",$B$7:$B$156,$B13)>0),1,0)))
D14: =IF($A14="","",IFERROR(IF(VLOOKUP($A14,Players!$A$2:$B$500,2,FALSE)="","Open",VLOOKUP($A14,Players!$A$2:$B$500,2,FALSE)),"Open")) | E14: =IF(OR($A14="",NOT(ISNUMBER($B14))),"",IF($C14="Winner",1,COUNTIFS($D$7:$D$156,$D14,$B$7:$B$156,"<"&$B14)+1+IF(AND(NOT($C14="Winner"),COUNTIFS($D$7:$D$156,$D14,$C$7:$C$156,"Winner",$B$7:$B$156,$B14)>0),1,0))) | F14: =IF(OR($A14="",NOT(ISNUMBER($B14))),"",COUNTIFS($D$7:$D$156,$D14,$B$7:$B$156,">0")) | G14: =IF(OR(OR($A14="",NOT(ISNUMBER($B14))),$B$2="Not started"),"",IF($C14="Winner",Points!$B$3,ROUND(Points!$B$3*IF($F14<=1,1,Points!$H$7+(1-Points!$H$7)*((($F14-$E14)*(($F14-$E14)+1)/2)^2-((($F14-$E14-$J14+1)-1)*($F14-$E14-$J14+1)/2)^2)/($J14*($F14-1)^3)),0))) | H14: =IF($A14="","",IF($B$2="Final","Final",IF($B$2="In progress","Projected","Not started"))) | I14: =IF($A14="","",IF(COUNTIF(Players!$A$2:$A$500,$A14)=0,"Player is not on the Players tab",IF(COUNTIF($A$7:$A$156,$A14)>1,"Player is listed twice",IF(NOT(ISNUMBER($B14)),"Enter a score",IF(COUNTIFS($D$7:$D$156,$D14,$C$7:$C$156,"Winner")>1,"More than one "&$D14&" winner picked",IF(AND($C14="Winner",COUNTIFS($D$7:$D$156,$D14,$B$7:$B$156,"<"&$B14)>0),"The winner doesn't have the best "&$D14&" score",IF(AND($B$2="Final",COUNTIFS($D$7:$D$156,$D14,$C$7:$C$156,"Winner")=0),"Final: pick the "&$D14&" winner",IF($B$2="Not started","Set Status to In progress to count points","OK")))))))) | J14: =IF(OR($A14="",NOT(ISNUMBER($B14))),"",IF($C14="Winner",1,COUNTIFS($D$7:$D$156,$D14,$B$7:$B$156,$B14)-IF(AND(NOT($C14="Winner"),COUNTIFS($D$7:$D$156,$D14,$C$7:$C$156,"Winner",$B$7:$B$156,$B14)>0),1,0)))
D15: =IF($A15="","",IFERROR(IF(VLOOKUP($A15,Players!$A$2:$B$500,2,FALSE)="","Open",VLOOKUP($A15,Players!$A$2:$B$500,2,FALSE)),"Open")) | E15: =IF(OR($A15="",NOT(ISNUMBER($B15))),"",IF($C15="Winner",1,COUNTIFS($D$7:$D$156,$D15,$B$7:$B$156,"<"&$B15)+1+IF(AND(NOT($C15="Winner"),COUNTIFS($D$7:$D$156,$D15,$C$7:$C$156,"Winner",$B$7:$B$156,$B15)>0),1,0))) | F15: =IF(OR($A15="",NOT(ISNUMBER($B15))),"",COUNTIFS($D$7:$D$156,$D15,$B$7:$B$156,">0")) | G15: =IF(OR(OR($A15="",NOT(ISNUMBER($B15))),$B$2="Not started"),"",IF($C15="Winner",Points!$B$3,ROUND(Points!$B$3*IF($F15<=1,1,Points!$H$7+(1-Points!$H$7)*((($F15-$E15)*(($F15-$E15)+1)/2)^2-((($F15-$E15-$J15+1)-1)*($F15-$E15-$J15+1)/2)^2)/($J15*($F15-1)^3)),0))) | H15: =IF($A15="","",IF($B$2="Final","Final",IF($B$2="In progress","Projected","Not started"))) | I15: =IF($A15="","",IF(COUNTIF(Players!$A$2:$A$500,$A15)=0,"Player is not on the Players tab",IF(COUNTIF($A$7:$A$156,$A15)>1,"Player is listed twice",IF(NOT(ISNUMBER($B15)),"Enter a score",IF(COUNTIFS($D$7:$D$156,$D15,$C$7:$C$156,"Winner")>1,"More than one "&$D15&" winner picked",IF(AND($C15="Winner",COUNTIFS($D$7:$D$156,$D15,$B$7:$B$156,"<"&$B15)>0),"The winner doesn't have the best "&$D15&" score",IF(AND($B$2="Final",COUNTIFS($D$7:$D$156,$D15,$C$7:$C$156,"Winner")=0),"Final: pick the "&$D15&" winner",IF($B$2="Not started","Set Status to In progress to count points","OK")))))))) | J15: =IF(OR($A15="",NOT(ISNUMBER($B15))),"",IF($C15="Winner",1,COUNTIFS($D$7:$D$156,$D15,$B$7:$B$156,$B15)-IF(AND(NOT($C15="Winner"),COUNTIFS($D$7:$D$156,$D15,$C$7:$C$156,"Winner",$B$7:$B$156,$B15)>0),1,0)))
D16: =IF($A16="","",IFERROR(IF(VLOOKUP($A16,Players!$A$2:$B$500,2,FALSE)="","Open",VLOOKUP($A16,Players!$A$2:$B$500,2,FALSE)),"Open")) | E16: =IF(OR($A16="",NOT(ISNUMBER($B16))),"",IF($C16="Winner",1,COUNTIFS($D$7:$D$156,$D16,$B$7:$B$156,"<"&$B16)+1+IF(AND(NOT($C16="Winner"),COUNTIFS($D$7:$D$156,$D16,$C$7:$C$156,"Winner",$B$7:$B$156,$B16)>0),1,0))) | F16: =IF(OR($A16="",NOT(ISNUMBER($B16))),"",COUNTIFS($D$7:$D$156,$D16,$B$7:$B$156,">0")) | G16: =IF(OR(OR($A16="",NOT(ISNUMBER($B16))),$B$2="Not started"),"",IF($C16="Winner",Points!$B$3,ROUND(Points!$B$3*IF($F16<=1,1,Points!$H$7+(1-Points!$H$7)*((($F16-$E16)*(($F16-$E16)+1)/2)^2-((($F16-$E16-$J16+1)-1)*($F16-$E16-$J16+1)/2)^2)/($J16*($F16-1)^3)),0))) | H16: =IF($A16="","",IF($B$2="Final","Final",IF($B$2="In progress","Projected","Not started"))) | I16: =IF($A16="","",IF(COUNTIF(Players!$A$2:$A$500,$A16)=0,"Player is not on the Players tab",IF(COUNTIF($A$7:$A$156,$A16)>1,"Player is listed twice",IF(NOT(ISNUMBER($B16)),"Enter a score",IF(COUNTIFS($D$7:$D$156,$D16,$C$7:$C$156,"Winner")>1,"More than one "&$D16&" winner picked",IF(AND($C16="Winner",COUNTIFS($D$7:$D$156,$D16,$B$7:$B$156,"<"&$B16)>0),"The winner doesn't have the best "&$D16&" score",IF(AND($B$2="Final",COUNTIFS($D$7:$D$156,$D16,$C$7:$C$156,"Winner")=0),"Final: pick the "&$D16&" winner",IF($B$2="Not started","Set Status to In progress to count points","OK")))))))) | J16: =IF(OR($A16="",NOT(ISNUMBER($B16))),"",IF($C16="Winner",1,COUNTIFS($D$7:$D$156,$D16,$B$7:$B$156,$B16)-IF(AND(NOT($C16="Winner"),COUNTIFS($D$7:$D$156,$D16,$C$7:$C$156,"Winner",$B$7:$B$156,$B16)>0),1,0)))
D17: =IF($A17="","",IFERROR(IF(VLOOKUP($A17,Players!$A$2:$B$500,2,FALSE)="","Open",VLOOKUP($A17,Players!$A$2:$B$500,2,FALSE)),"Open")) | E17: =IF(OR($A17="",NOT(ISNUMBER($B17))),"",IF($C17="Winner",1,COUNTIFS($D$7:$D$156,$D17,$B$7:$B$156,"<"&$B17)+1+IF(AND(NOT($C17="Winner"),COUNTIFS($D$7:$D$156,$D17,$C$7:$C$156,"Winner",$B$7:$B$156,$B17)>0),1,0))) | F17: =IF(OR($A17="",NOT(ISNUMBER($B17))),"",COUNTIFS($D$7:$D$156,$D17,$B$7:$B$156,">0")) | G17: =IF(OR(OR($A17="",NOT(ISNUMBER($B17))),$B$2="Not started"),"",IF($C17="Winner",Points!$B$3,ROUND(Points!$B$3*IF($F17<=1,1,Points!$H$7+(1-Points!$H$7)*((($F17-$E17)*(($F17-$E17)+1)/2)^2-((($F17-$E17-$J17+1)-1)*($F17-$E17-$J17+1)/2)^2)/($J17*($F17-1)^3)),0))) | H17: =IF($A17="","",IF($B$2="Final","Final",IF($B$2="In progress","Projected","Not started"))) | I17: =IF($A17="","",IF(COUNTIF(Players!$A$2:$A$500,$A17)=0,"Player is not on the Players tab",IF(COUNTIF($A$7:$A$156,$A17)>1,"Player is listed twice",IF(NOT(ISNUMBER($B17)),"Enter a score",IF(COUNTIFS($D$7:$D$156,$D17,$C$7:$C$156,"Winner")>1,"More than one "&$D17&" winner picked",IF(AND($C17="Winner",COUNTIFS($D$7:$D$156,$D17,$B$7:$B$156,"<"&$B17)>0),"The winner doesn't have the best "&$D17&" score",IF(AND($B$2="Final",COUNTIFS($D$7:$D$156,$D17,$C$7:$C$156,"Winner")=0),"Final: pick the "&$D17&" winner",IF($B$2="Not started","Set Status to In progress to count points","OK")))))))) | J17: =IF(OR($A17="",NOT(ISNUMBER($B17))),"",IF($C17="Winner",1,COUNTIFS($D$7:$D$156,$D17,$B$7:$B$156,$B17)-IF(AND(NOT($C17="Winner"),COUNTIFS($D$7:$D$156,$D17,$C$7:$C$156,"Winner",$B$7:$B$156,$B17)>0),1,0)))
D18: =IF($A18="","",IFERROR(IF(VLOOKUP($A18,Players!$A$2:$B$500,2,FALSE)="","Open",VLOOKUP($A18,Players!$A$2:$B$500,2,FALSE)),"Open")) | E18: =IF(OR($A18="",NOT(ISNUMBER($B18))),"",IF($C18="Winner",1,COUNTIFS($D$7:$D$156,$D18,$B$7:$B$156,"<"&$B18)+1+IF(AND(NOT($C18="Winner"),COUNTIFS($D$7:$D$156,$D18,$C$7:$C$156,"Winner",$B$7:$B$156,$B18)>0),1,0))) | F18: =IF(OR($A18="",NOT(ISNUMBER($B18))),"",COUNTIFS($D$7:$D$156,$D18,$B$7:$B$156,">0")) | G18: =IF(OR(OR($A18="",NOT(ISNUMBER($B18))),$B$2="Not started"),"",IF($C18="Winner",Points!$B$3,ROUND(Points!$B$3*IF($F18<=1,1,Points!$H$7+(1-Points!$H$7)*((($F18-$E18)*(($F18-$E18)+1)/2)^2-((($F18-$E18-$J18+1)-1)*($F18-$E18-$J18+1)/2)^2)/($J18*($F18-1)^3)),0))) | H18: =IF($A18="","",IF($B$2="Final","Final",IF($B$2="In progress","Projected","Not started"))) | I18: =IF($A18="","",IF(COUNTIF(Players!$A$2:$A$500,$A18)=0,"Player is not on the Players tab",IF(COUNTIF($A$7:$A$156,$A18)>1,"Player is listed twice",IF(NOT(ISNUMBER($B18)),"Enter a score",IF(COUNTIFS($D$7:$D$156,$D18,$C$7:$C$156,"Winner")>1,"More than one "&$D18&" winner picked",IF(AND($C18="Winner",COUNTIFS($D$7:$D$156,$D18,$B$7:$B$156,"<"&$B18)>0),"The winner doesn't have the best "&$D18&" score",IF(AND($B$2="Final",COUNTIFS($D$7:$D$156,$D18,$C$7:$C$156,"Winner")=0),"Final: pick the "&$D18&" winner",IF($B$2="Not started","Set Status to In progress to count points","OK")))))))) | J18: =IF(OR($A18="",NOT(ISNUMBER($B18))),"",IF($C18="Winner",1,COUNTIFS($D$7:$D$156,$D18,$B$7:$B$156,$B18)-IF(AND(NOT($C18="Winner"),COUNTIFS($D$7:$D$156,$D18,$C$7:$C$156,"Winner",$B$7:$B$156,$B18)>0),1,0)))
... D156: =IF($A156="","",IFERROR(IF(VLOOKUP($A156,Players!$A$2:$B$500,2,FALSE)="","Open",VLOOKUP($A156,Players!$A$2:$B$500,2,FALSE)),"Open")) | E156: =IF(OR($A156="",NOT(ISNUMBER($B156))),"",IF($C156="Winner",1,COUNTIFS($D$7:$D$156,$D156,$B$7:$B$156,"<"&$B156)+1+IF(AND(NOT($C156="Winner"),COUNTIFS($D$7:$D$156,$D156,$C$7:$C$156,"Winner",$B$7:$B$156,$B156)>0),1,0))) | F156: =IF(OR($A156="",NOT(ISNUMBER($B156))),"",COUNTIFS($D$7:$D$156,$D156,$B$7:$B$156,">0")) | G156: =IF(OR(OR($A156="",NOT(ISNUMBER($B156))),$B$2="Not started"),"",IF($C156="Winner",Points!$B$3,ROUND(Points!$B$3*IF($F156<=1,1,Points!$H$7+(1-Points!$H$7)*((($F156-$E156)*(($F156-$E156)+1)/2)^2-((($F156-$E156-$J156+1)-1)*($F156-$E156-$J156+1)/2)^2)/($J156*($F156-1)^3)),0))) | H156: =IF($A156="","",IF($B$2="Final","Final",IF($B$2="In progress","Projected","Not started"))) | I156: =IF($A156="","",IF(COUNTIF(Players!$A$2:$A$500,$A156)=0,"Player is not on the Players tab",IF(COUNTIF($A$7:$A$156,$A156)>1,"Player is listed twice",IF(NOT(ISNUMBER($B156)),"Enter a score",IF(COUNTIFS($D$7:$D$156,$D156,$C$7:$C$156,"Winner")>1,"More than one "&$D156&" winner picked",IF(AND($C156="Winner",COUNTIFS($D$7:$D$156,$D156,$B$7:$B$156,"<"&$B156)>0),"The winner doesn't have the best "&$D156&" score",IF(AND($B$2="Final",COUNTIFS($D$7:$D$156,$D156,$C$7:$C$156,"Winner")=0),"Final: pick the "&$D156&" winner",IF($B$2="Not started","Set Status to In progress to count points","OK")))))))) | J156: =IF(OR($A156="",NOT(ISNUMBER($B156))),"",IF($C156="Winner",1,COUNTIFS($D$7:$D$156,$D156,$B$7:$B$156,$B156)-IF(AND(NOT($C156="Winner"),COUNTIFS($D$7:$D$156,$D156,$C$7:$C$156,"Winner",$B$7:$B$156,$B156)>0),1,0)))

Sheet Scramble Leagues
A1: Scramble Leagues | D1: One row per team when a season ends. Every player on the team gets the team's points.
A2: Season: use the same name on every row of a season, e.g. Season 1.
A4: Season | B4: End Date | C4: Team | D4: Player 1 | E4: Player 2 | F4: Final Place | G4: Field | H4: Points | I4: Status | J4: Check
G5: =IF(OR($A5="",NOT(ISNUMBER($F5))),"",COUNTIFS($A$5:$A$154,$A5,$F$5:$F$154,">0")) | H5: =IF(OR($A5="",NOT(ISNUMBER($F5))),"",ROUND(Points!$B$4*IF($G5<=1,1,Points!$H$7+(1-Points!$H$7)*((($G5-$F5)*(($G5-$F5)+1)/2)^2-((($G5-$F5-COUNTIFS($A$5:$A$154,$A5,$F$5:$F$154,$F5)+1)-1)*($G5-$F5-COUNTIFS($A$5:$A$154,$A5,$F$5:$F$154,$F5)+1)/2)^2)/(COUNTIFS($A$5:$A$154,$A5,$F$5:$F$154,$F5)*($G5-1)^3)),0)) | I5: =IF($A5="","","Final") | J5: =IF($A5="","",IF($D5="","Add the players",IF(COUNTIF(Players!$A$2:$A$500,$D5)=0,"Player 1 is not on the Players tab",IF(NOT(ISNUMBER($F5)),"Enter the final place",IF(N($F5)>N($G5),"Place is bigger than the field: enter every team",IF($B5="","Enter the end date","OK"))))))
G6: =IF(OR($A6="",NOT(ISNUMBER($F6))),"",COUNTIFS($A$5:$A$154,$A6,$F$5:$F$154,">0")) | H6: =IF(OR($A6="",NOT(ISNUMBER($F6))),"",ROUND(Points!$B$4*IF($G6<=1,1,Points!$H$7+(1-Points!$H$7)*((($G6-$F6)*(($G6-$F6)+1)/2)^2-((($G6-$F6-COUNTIFS($A$5:$A$154,$A6,$F$5:$F$154,$F6)+1)-1)*($G6-$F6-COUNTIFS($A$5:$A$154,$A6,$F$5:$F$154,$F6)+1)/2)^2)/(COUNTIFS($A$5:$A$154,$A6,$F$5:$F$154,$F6)*($G6-1)^3)),0)) | I6: =IF($A6="","","Final") | J6: =IF($A6="","",IF($D6="","Add the players",IF(COUNTIF(Players!$A$2:$A$500,$D6)=0,"Player 1 is not on the Players tab",IF(NOT(ISNUMBER($F6)),"Enter the final place",IF(N($F6)>N($G6),"Place is bigger than the field: enter every team",IF($B6="","Enter the end date","OK"))))))
G7: =IF(OR($A7="",NOT(ISNUMBER($F7))),"",COUNTIFS($A$5:$A$154,$A7,$F$5:$F$154,">0")) | H7: =IF(OR($A7="",NOT(ISNUMBER($F7))),"",ROUND(Points!$B$4*IF($G7<=1,1,Points!$H$7+(1-Points!$H$7)*((($G7-$F7)*(($G7-$F7)+1)/2)^2-((($G7-$F7-COUNTIFS($A$5:$A$154,$A7,$F$5:$F$154,$F7)+1)-1)*($G7-$F7-COUNTIFS($A$5:$A$154,$A7,$F$5:$F$154,$F7)+1)/2)^2)/(COUNTIFS($A$5:$A$154,$A7,$F$5:$F$154,$F7)*($G7-1)^3)),0)) | I7: =IF($A7="","","Final") | J7: =IF($A7="","",IF($D7="","Add the players",IF(COUNTIF(Players!$A$2:$A$500,$D7)=0,"Player 1 is not on the Players tab",IF(NOT(ISNUMBER($F7)),"Enter the final place",IF(N($F7)>N($G7),"Place is bigger than the field: enter every team",IF($B7="","Enter the end date","OK"))))))
G8: =IF(OR($A8="",NOT(ISNUMBER($F8))),"",COUNTIFS($A$5:$A$154,$A8,$F$5:$F$154,">0")) | H8: =IF(OR($A8="",NOT(ISNUMBER($F8))),"",ROUND(Points!$B$4*IF($G8<=1,1,Points!$H$7+(1-Points!$H$7)*((($G8-$F8)*(($G8-$F8)+1)/2)^2-((($G8-$F8-COUNTIFS($A$5:$A$154,$A8,$F$5:$F$154,$F8)+1)-1)*($G8-$F8-COUNTIFS($A$5:$A$154,$A8,$F$5:$F$154,$F8)+1)/2)^2)/(COUNTIFS($A$5:$A$154,$A8,$F$5:$F$154,$F8)*($G8-1)^3)),0)) | I8: =IF($A8="","","Final") | J8: =IF($A8="","",IF($D8="","Add the players",IF(COUNTIF(Players!$A$2:$A$500,$D8)=0,"Player 1 is not on the Players tab",IF(NOT(ISNUMBER($F8)),"Enter the final place",IF(N($F8)>N($G8),"Place is bigger than the field: enter every team",IF($B8="","Enter the end date","OK"))))))
G9: =IF(OR($A9="",NOT(ISNUMBER($F9))),"",COUNTIFS($A$5:$A$154,$A9,$F$5:$F$154,">0")) | H9: =IF(OR($A9="",NOT(ISNUMBER($F9))),"",ROUND(Points!$B$4*IF($G9<=1,1,Points!$H$7+(1-Points!$H$7)*((($G9-$F9)*(($G9-$F9)+1)/2)^2-((($G9-$F9-COUNTIFS($A$5:$A$154,$A9,$F$5:$F$154,$F9)+1)-1)*($G9-$F9-COUNTIFS($A$5:$A$154,$A9,$F$5:$F$154,$F9)+1)/2)^2)/(COUNTIFS($A$5:$A$154,$A9,$F$5:$F$154,$F9)*($G9-1)^3)),0)) | I9: =IF($A9="","","Final") | J9: =IF($A9="","",IF($D9="","Add the players",IF(COUNTIF(Players!$A$2:$A$500,$D9)=0,"Player 1 is not on the Players tab",IF(NOT(ISNUMBER($F9)),"Enter the final place",IF(N($F9)>N($G9),"Place is bigger than the field: enter every team",IF($B9="","Enter the end date","OK"))))))
G10: =IF(OR($A10="",NOT(ISNUMBER($F10))),"",COUNTIFS($A$5:$A$154,$A10,$F$5:$F$154,">0")) | H10: =IF(OR($A10="",NOT(ISNUMBER($F10))),"",ROUND(Points!$B$4*IF($G10<=1,1,Points!$H$7+(1-Points!$H$7)*((($G10-$F10)*(($G10-$F10)+1)/2)^2-((($G10-$F10-COUNTIFS($A$5:$A$154,$A10,$F$5:$F$154,$F10)+1)-1)*($G10-$F10-COUNTIFS($A$5:$A$154,$A10,$F$5:$F$154,$F10)+1)/2)^2)/(COUNTIFS($A$5:$A$154,$A10,$F$5:$F$154,$F10)*($G10-1)^3)),0)) | I10: =IF($A10="","","Final") | J10: =IF($A10="","",IF($D10="","Add the players",IF(COUNTIF(Players!$A$2:$A$500,$D10)=0,"Player 1 is not on the Players tab",IF(NOT(ISNUMBER($F10)),"Enter the final place",IF(N($F10)>N($G10),"Place is bigger than the field: enter every team",IF($B10="","Enter the end date","OK"))))))
G11: =IF(OR($A11="",NOT(ISNUMBER($F11))),"",COUNTIFS($A$5:$A$154,$A11,$F$5:$F$154,">0")) | H11: =IF(OR($A11="",NOT(ISNUMBER($F11))),"",ROUND(Points!$B$4*IF($G11<=1,1,Points!$H$7+(1-Points!$H$7)*((($G11-$F11)*(($G11-$F11)+1)/2)^2-((($G11-$F11-COUNTIFS($A$5:$A$154,$A11,$F$5:$F$154,$F11)+1)-1)*($G11-$F11-COUNTIFS($A$5:$A$154,$A11,$F$5:$F$154,$F11)+1)/2)^2)/(COUNTIFS($A$5:$A$154,$A11,$F$5:$F$154,$F11)*($G11-1)^3)),0)) | I11: =IF($A11="","","Final") | J11: =IF($A11="","",IF($D11="","Add the players",IF(COUNTIF(Players!$A$2:$A$500,$D11)=0,"Player 1 is not on the Players tab",IF(NOT(ISNUMBER($F11)),"Enter the final place",IF(N($F11)>N($G11),"Place is bigger than the field: enter every team",IF($B11="","Enter the end date","OK"))))))
G12: =IF(OR($A12="",NOT(ISNUMBER($F12))),"",COUNTIFS($A$5:$A$154,$A12,$F$5:$F$154,">0")) | H12: =IF(OR($A12="",NOT(ISNUMBER($F12))),"",ROUND(Points!$B$4*IF($G12<=1,1,Points!$H$7+(1-Points!$H$7)*((($G12-$F12)*(($G12-$F12)+1)/2)^2-((($G12-$F12-COUNTIFS($A$5:$A$154,$A12,$F$5:$F$154,$F12)+1)-1)*($G12-$F12-COUNTIFS($A$5:$A$154,$A12,$F$5:$F$154,$F12)+1)/2)^2)/(COUNTIFS($A$5:$A$154,$A12,$F$5:$F$154,$F12)*($G12-1)^3)),0)) | I12: =IF($A12="","","Final") | J12: =IF($A12="","",IF($D12="","Add the players",IF(COUNTIF(Players!$A$2:$A$500,$D12)=0,"Player 1 is not on the Players tab",IF(NOT(ISNUMBER($F12)),"Enter the final place",IF(N($F12)>N($G12),"Place is bigger than the field: enter every team",IF($B12="","Enter the end date","OK"))))))
G13: =IF(OR($A13="",NOT(ISNUMBER($F13))),"",COUNTIFS($A$5:$A$154,$A13,$F$5:$F$154,">0")) | H13: =IF(OR($A13="",NOT(ISNUMBER($F13))),"",ROUND(Points!$B$4*IF($G13<=1,1,Points!$H$7+(1-Points!$H$7)*((($G13-$F13)*(($G13-$F13)+1)/2)^2-((($G13-$F13-COUNTIFS($A$5:$A$154,$A13,$F$5:$F$154,$F13)+1)-1)*($G13-$F13-COUNTIFS($A$5:$A$154,$A13,$F$5:$F$154,$F13)+1)/2)^2)/(COUNTIFS($A$5:$A$154,$A13,$F$5:$F$154,$F13)*($G13-1)^3)),0)) | I13: =IF($A13="","","Final") | J13: =IF($A13="","",IF($D13="","Add the players",IF(COUNTIF(Players!$A$2:$A$500,$D13)=0,"Player 1 is not on the Players tab",IF(NOT(ISNUMBER($F13)),"Enter the final place",IF(N($F13)>N($G13),"Place is bigger than the field: enter every team",IF($B13="","Enter the end date","OK"))))))
G14: =IF(OR($A14="",NOT(ISNUMBER($F14))),"",COUNTIFS($A$5:$A$154,$A14,$F$5:$F$154,">0")) | H14: =IF(OR($A14="",NOT(ISNUMBER($F14))),"",ROUND(Points!$B$4*IF($G14<=1,1,Points!$H$7+(1-Points!$H$7)*((($G14-$F14)*(($G14-$F14)+1)/2)^2-((($G14-$F14-COUNTIFS($A$5:$A$154,$A14,$F$5:$F$154,$F14)+1)-1)*($G14-$F14-COUNTIFS($A$5:$A$154,$A14,$F$5:$F$154,$F14)+1)/2)^2)/(COUNTIFS($A$5:$A$154,$A14,$F$5:$F$154,$F14)*($G14-1)^3)),0)) | I14: =IF($A14="","","Final") | J14: =IF($A14="","",IF($D14="","Add the players",IF(COUNTIF(Players!$A$2:$A$500,$D14)=0,"Player 1 is not on the Players tab",IF(NOT(ISNUMBER($F14)),"Enter the final place",IF(N($F14)>N($G14),"Place is bigger than the field: enter every team",IF($B14="","Enter the end date","OK"))))))
G15: =IF(OR($A15="",NOT(ISNUMBER($F15))),"",COUNTIFS($A$5:$A$154,$A15,$F$5:$F$154,">0")) | H15: =IF(OR($A15="",NOT(ISNUMBER($F15))),"",ROUND(Points!$B$4*IF($G15<=1,1,Points!$H$7+(1-Points!$H$7)*((($G15-$F15)*(($G15-$F15)+1)/2)^2-((($G15-$F15-COUNTIFS($A$5:$A$154,$A15,$F$5:$F$154,$F15)+1)-1)*($G15-$F15-COUNTIFS($A$5:$A$154,$A15,$F$5:$F$154,$F15)+1)/2)^2)/(COUNTIFS($A$5:$A$154,$A15,$F$5:$F$154,$F15)*($G15-1)^3)),0)) | I15: =IF($A15="","","Final") | J15: =IF($A15="","",IF($D15="","Add the players",IF(COUNTIF(Players!$A$2:$A$500,$D15)=0,"Player 1 is not on the Players tab",IF(NOT(ISNUMBER($F15)),"Enter the final place",IF(N($F15)>N($G15),"Place is bigger than the field: enter every team",IF($B15="","Enter the end date","OK"))))))
G16: =IF(OR($A16="",NOT(ISNUMBER($F16))),"",COUNTIFS($A$5:$A$154,$A16,$F$5:$F$154,">0")) | H16: =IF(OR($A16="",NOT(ISNUMBER($F16))),"",ROUND(Points!$B$4*IF($G16<=1,1,Points!$H$7+(1-Points!$H$7)*((($G16-$F16)*(($G16-$F16)+1)/2)^2-((($G16-$F16-COUNTIFS($A$5:$A$154,$A16,$F$5:$F$154,$F16)+1)-1)*($G16-$F16-COUNTIFS($A$5:$A$154,$A16,$F$5:$F$154,$F16)+1)/2)^2)/(COUNTIFS($A$5:$A$154,$A16,$F$5:$F$154,$F16)*($G16-1)^3)),0)) | I16: =IF($A16="","","Final") | J16: =IF($A16="","",IF($D16="","Add the players",IF(COUNTIF(Players!$A$2:$A$500,$D16)=0,"Player 1 is not on the Players tab",IF(NOT(ISNUMBER($F16)),"Enter the final place",IF(N($F16)>N($G16),"Place is bigger than the field: enter every team",IF($B16="","Enter the end date","OK"))))))
... G154: =IF(OR($A154="",NOT(ISNUMBER($F154))),"",COUNTIFS($A$5:$A$154,$A154,$F$5:$F$154,">0")) | H154: =IF(OR($A154="",NOT(ISNUMBER($F154))),"",ROUND(Points!$B$4*IF($G154<=1,1,Points!$H$7+(1-Points!$H$7)*((($G154-$F154)*(($G154-$F154)+1)/2)^2-((($G154-$F154-COUNTIFS($A$5:$A$154,$A154,$F$5:$F$154,$F154)+1)-1)*($G154-$F154-COUNTIFS($A$5:$A$154,$A154,$F$5:$F$154,$F154)+1)/2)^2)/(COUNTIFS($A$5:$A$154,$A154,$F$5:$F$154,$F154)*($G154-1)^3)),0)) | I154: =IF($A154="","","Final") | J154: =IF($A154="","",IF($D154="","Add the players",IF(COUNTIF(Players!$A$2:$A$500,$D154)=0,"Player 1 is not on the Players tab",IF(NOT(ISNUMBER($F154)),"Enter the final place",IF(N($F154)>N($G154),"Place is bigger than the field: enter every team",IF($B154="","Enter the end date","OK"))))))

Sheet Tuesday Leagues
A1: Tuesday Leagues | D1: One row per team when a season ends. Every player on the team gets the team's points.
A2: Season: use the same name on every row of a season, e.g. Season 1.
A4: Season | B4: End Date | C4: Team | D4: Player 1 | E4: Player 2 | F4: Player 3 | G4: Player 4 | H4: Final Place | I4: Field | J4: Points | K4: Status | L4: Check
I5: =IF(OR($A5="",NOT(ISNUMBER($H5))),"",COUNTIFS($A$5:$A$154,$A5,$H$5:$H$154,">0")) | J5: =IF(OR($A5="",NOT(ISNUMBER($H5))),"",ROUND(Points!$B$5*IF($I5<=1,1,Points!$H$7+(1-Points!$H$7)*((($I5-$H5)*(($I5-$H5)+1)/2)^2-((($I5-$H5-COUNTIFS($A$5:$A$154,$A5,$H$5:$H$154,$H5)+1)-1)*($I5-$H5-COUNTIFS($A$5:$A$154,$A5,$H$5:$H$154,$H5)+1)/2)^2)/(COUNTIFS($A$5:$A$154,$A5,$H$5:$H$154,$H5)*($I5-1)^3)),0)) | K5: =IF($A5="","","Final") | L5: =IF($A5="","",IF($D5="","Add the players",IF(COUNTIF(Players!$A$2:$A$500,$D5)=0,"Player 1 is not on the Players tab",IF(NOT(ISNUMBER($H5)),"Enter the final place",IF(N($H5)>N($I5),"Place is bigger than the field: enter every team",IF($B5="","Enter the end date","OK"))))))
I6: =IF(OR($A6="",NOT(ISNUMBER($H6))),"",COUNTIFS($A$5:$A$154,$A6,$H$5:$H$154,">0")) | J6: =IF(OR($A6="",NOT(ISNUMBER($H6))),"",ROUND(Points!$B$5*IF($I6<=1,1,Points!$H$7+(1-Points!$H$7)*((($I6-$H6)*(($I6-$H6)+1)/2)^2-((($I6-$H6-COUNTIFS($A$5:$A$154,$A6,$H$5:$H$154,$H6)+1)-1)*($I6-$H6-COUNTIFS($A$5:$A$154,$A6,$H$5:$H$154,$H6)+1)/2)^2)/(COUNTIFS($A$5:$A$154,$A6,$H$5:$H$154,$H6)*($I6-1)^3)),0)) | K6: =IF($A6="","","Final") | L6: =IF($A6="","",IF($D6="","Add the players",IF(COUNTIF(Players!$A$2:$A$500,$D6)=0,"Player 1 is not on the Players tab",IF(NOT(ISNUMBER($H6)),"Enter the final place",IF(N($H6)>N($I6),"Place is bigger than the field: enter every team",IF($B6="","Enter the end date","OK"))))))
I7: =IF(OR($A7="",NOT(ISNUMBER($H7))),"",COUNTIFS($A$5:$A$154,$A7,$H$5:$H$154,">0")) | J7: =IF(OR($A7="",NOT(ISNUMBER($H7))),"",ROUND(Points!$B$5*IF($I7<=1,1,Points!$H$7+(1-Points!$H$7)*((($I7-$H7)*(($I7-$H7)+1)/2)^2-((($I7-$H7-COUNTIFS($A$5:$A$154,$A7,$H$5:$H$154,$H7)+1)-1)*($I7-$H7-COUNTIFS($A$5:$A$154,$A7,$H$5:$H$154,$H7)+1)/2)^2)/(COUNTIFS($A$5:$A$154,$A7,$H$5:$H$154,$H7)*($I7-1)^3)),0)) | K7: =IF($A7="","","Final") | L7: =IF($A7="","",IF($D7="","Add the players",IF(COUNTIF(Players!$A$2:$A$500,$D7)=0,"Player 1 is not on the Players tab",IF(NOT(ISNUMBER($H7)),"Enter the final place",IF(N($H7)>N($I7),"Place is bigger than the field: enter every team",IF($B7="","Enter the end date","OK"))))))
I8: =IF(OR($A8="",NOT(ISNUMBER($H8))),"",COUNTIFS($A$5:$A$154,$A8,$H$5:$H$154,">0")) | J8: =IF(OR($A8="",NOT(ISNUMBER($H8))),"",ROUND(Points!$B$5*IF($I8<=1,1,Points!$H$7+(1-Points!$H$7)*((($I8-$H8)*(($I8-$H8)+1)/2)^2-((($I8-$H8-COUNTIFS($A$5:$A$154,$A8,$H$5:$H$154,$H8)+1)-1)*($I8-$H8-COUNTIFS($A$5:$A$154,$A8,$H$5:$H$154,$H8)+1)/2)^2)/(COUNTIFS($A$5:$A$154,$A8,$H$5:$H$154,$H8)*($I8-1)^3)),0)) | K8: =IF($A8="","","Final") | L8: =IF($A8="","",IF($D8="","Add the players",IF(COUNTIF(Players!$A$2:$A$500,$D8)=0,"Player 1 is not on the Players tab",IF(NOT(ISNUMBER($H8)),"Enter the final place",IF(N($H8)>N($I8),"Place is bigger than the field: enter every team",IF($B8="","Enter the end date","OK"))))))
I9: =IF(OR($A9="",NOT(ISNUMBER($H9))),"",COUNTIFS($A$5:$A$154,$A9,$H$5:$H$154,">0")) | J9: =IF(OR($A9="",NOT(ISNUMBER($H9))),"",ROUND(Points!$B$5*IF($I9<=1,1,Points!$H$7+(1-Points!$H$7)*((($I9-$H9)*(($I9-$H9)+1)/2)^2-((($I9-$H9-COUNTIFS($A$5:$A$154,$A9,$H$5:$H$154,$H9)+1)-1)*($I9-$H9-COUNTIFS($A$5:$A$154,$A9,$H$5:$H$154,$H9)+1)/2)^2)/(COUNTIFS($A$5:$A$154,$A9,$H$5:$H$154,$H9)*($I9-1)^3)),0)) | K9: =IF($A9="","","Final") | L9: =IF($A9="","",IF($D9="","Add the players",IF(COUNTIF(Players!$A$2:$A$500,$D9)=0,"Player 1 is not on the Players tab",IF(NOT(ISNUMBER($H9)),"Enter the final place",IF(N($H9)>N($I9),"Place is bigger than the field: enter every team",IF($B9="","Enter the end date","OK"))))))
I10: =IF(OR($A10="",NOT(ISNUMBER($H10))),"",COUNTIFS($A$5:$A$154,$A10,$H$5:$H$154,">0")) | J10: =IF(OR($A10="",NOT(ISNUMBER($H10))),"",ROUND(Points!$B$5*IF($I10<=1,1,Points!$H$7+(1-Points!$H$7)*((($I10-$H10)*(($I10-$H10)+1)/2)^2-((($I10-$H10-COUNTIFS($A$5:$A$154,$A10,$H$5:$H$154,$H10)+1)-1)*($I10-$H10-COUNTIFS($A$5:$A$154,$A10,$H$5:$H$154,$H10)+1)/2)^2)/(COUNTIFS($A$5:$A$154,$A10,$H$5:$H$154,$H10)*($I10-1)^3)),0)) | K10: =IF($A10="","","Final") | L10: =IF($A10="","",IF($D10="","Add the players",IF(COUNTIF(Players!$A$2:$A$500,$D10)=0,"Player 1 is not on the Players tab",IF(NOT(ISNUMBER($H10)),"Enter the final place",IF(N($H10)>N($I10),"Place is bigger than the field: enter every team",IF($B10="","Enter the end date","OK"))))))
I11: =IF(OR($A11="",NOT(ISNUMBER($H11))),"",COUNTIFS($A$5:$A$154,$A11,$H$5:$H$154,">0")) | J11: =IF(OR($A11="",NOT(ISNUMBER($H11))),"",ROUND(Points!$B$5*IF($I11<=1,1,Points!$H$7+(1-Points!$H$7)*((($I11-$H11)*(($I11-$H11)+1)/2)^2-((($I11-$H11-COUNTIFS($A$5:$A$154,$A11,$H$5:$H$154,$H11)+1)-1)*($I11-$H11-COUNTIFS($A$5:$A$154,$A11,$H$5:$H$154,$H11)+1)/2)^2)/(COUNTIFS($A$5:$A$154,$A11,$H$5:$H$154,$H11)*($I11-1)^3)),0)) | K11: =IF($A11="","","Final") | L11: =IF($A11="","",IF($D11="","Add the players",IF(COUNTIF(Players!$A$2:$A$500,$D11)=0,"Player 1 is not on the Players tab",IF(NOT(ISNUMBER($H11)),"Enter the final place",IF(N($H11)>N($I11),"Place is bigger than the field: enter every team",IF($B11="","Enter the end date","OK"))))))
I12: =IF(OR($A12="",NOT(ISNUMBER($H12))),"",COUNTIFS($A$5:$A$154,$A12,$H$5:$H$154,">0")) | J12: =IF(OR($A12="",NOT(ISNUMBER($H12))),"",ROUND(Points!$B$5*IF($I12<=1,1,Points!$H$7+(1-Points!$H$7)*((($I12-$H12)*(($I12-$H12)+1)/2)^2-((($I12-$H12-COUNTIFS($A$5:$A$154,$A12,$H$5:$H$154,$H12)+1)-1)*($I12-$H12-COUNTIFS($A$5:$A$154,$A12,$H$5:$H$154,$H12)+1)/2)^2)/(COUNTIFS($A$5:$A$154,$A12,$H$5:$H$154,$H12)*($I12-1)^3)),0)) | K12: =IF($A12="","","Final") | L12: =IF($A12="","",IF($D12="","Add the players",IF(COUNTIF(Players!$A$2:$A$500,$D12)=0,"Player 1 is not on the Players tab",IF(NOT(ISNUMBER($H12)),"Enter the final place",IF(N($H12)>N($I12),"Place is bigger than the field: enter every team",IF($B12="","Enter the end date","OK"))))))
I13: =IF(OR($A13="",NOT(ISNUMBER($H13))),"",COUNTIFS($A$5:$A$154,$A13,$H$5:$H$154,">0")) | J13: =IF(OR($A13="",NOT(ISNUMBER($H13))),"",ROUND(Points!$B$5*IF($I13<=1,1,Points!$H$7+(1-Points!$H$7)*((($I13-$H13)*(($I13-$H13)+1)/2)^2-((($I13-$H13-COUNTIFS($A$5:$A$154,$A13,$H$5:$H$154,$H13)+1)-1)*($I13-$H13-COUNTIFS($A$5:$A$154,$A13,$H$5:$H$154,$H13)+1)/2)^2)/(COUNTIFS($A$5:$A$154,$A13,$H$5:$H$154,$H13)*($I13-1)^3)),0)) | K13: =IF($A13="","","Final") | L13: =IF($A13="","",IF($D13="","Add the players",IF(COUNTIF(Players!$A$2:$A$500,$D13)=0,"Player 1 is not on the Players tab",IF(NOT(ISNUMBER($H13)),"Enter the final place",IF(N($H13)>N($I13),"Place is bigger than the field: enter every team",IF($B13="","Enter the end date","OK"))))))
I14: =IF(OR($A14="",NOT(ISNUMBER($H14))),"",COUNTIFS($A$5:$A$154,$A14,$H$5:$H$154,">0")) | J14: =IF(OR($A14="",NOT(ISNUMBER($H14))),"",ROUND(Points!$B$5*IF($I14<=1,1,Points!$H$7+(1-Points!$H$7)*((($I14-$H14)*(($I14-$H14)+1)/2)^2-((($I14-$H14-COUNTIFS($A$5:$A$154,$A14,$H$5:$H$154,$H14)+1)-1)*($I14-$H14-COUNTIFS($A$5:$A$154,$A14,$H$5:$H$154,$H14)+1)/2)^2)/(COUNTIFS($A$5:$A$154,$A14,$H$5:$H$154,$H14)*($I14-1)^3)),0)) | K14: =IF($A14="","","Final") | L14: =IF($A14="","",IF($D14="","Add the players",IF(COUNTIF(Players!$A$2:$A$500,$D14)=0,"Player 1 is not on the Players tab",IF(NOT(ISNUMBER($H14)),"Enter the final place",IF(N($H14)>N($I14),"Place is bigger than the field: enter every team",IF($B14="","Enter the end date","OK"))))))
I15: =IF(OR($A15="",NOT(ISNUMBER($H15))),"",COUNTIFS($A$5:$A$154,$A15,$H$5:$H$154,">0")) | J15: =IF(OR($A15="",NOT(ISNUMBER($H15))),"",ROUND(Points!$B$5*IF($I15<=1,1,Points!$H$7+(1-Points!$H$7)*((($I15-$H15)*(($I15-$H15)+1)/2)^2-((($I15-$H15-COUNTIFS($A$5:$A$154,$A15,$H$5:$H$154,$H15)+1)-1)*($I15-$H15-COUNTIFS($A$5:$A$154,$A15,$H$5:$H$154,$H15)+1)/2)^2)/(COUNTIFS($A$5:$A$154,$A15,$H$5:$H$154,$H15)*($I15-1)^3)),0)) | K15: =IF($A15="","","Final") | L15: =IF($A15="","",IF($D15="","Add the players",IF(COUNTIF(Players!$A$2:$A$500,$D15)=0,"Player 1 is not on the Players tab",IF(NOT(ISNUMBER($H15)),"Enter the final place",IF(N($H15)>N($I15),"Place is bigger than the field: enter every team",IF($B15="","Enter the end date","OK"))))))
I16: =IF(OR($A16="",NOT(ISNUMBER($H16))),"",COUNTIFS($A$5:$A$154,$A16,$H$5:$H$154,">0")) | J16: =IF(OR($A16="",NOT(ISNUMBER($H16))),"",ROUND(Points!$B$5*IF($I16<=1,1,Points!$H$7+(1-Points!$H$7)*((($I16-$H16)*(($I16-$H16)+1)/2)^2-((($I16-$H16-COUNTIFS($A$5:$A$154,$A16,$H$5:$H$154,$H16)+1)-1)*($I16-$H16-COUNTIFS($A$5:$A$154,$A16,$H$5:$H$154,$H16)+1)/2)^2)/(COUNTIFS($A$5:$A$154,$A16,$H$5:$H$154,$H16)*($I16-1)^3)),0)) | K16: =IF($A16="","","Final") | L16: =IF($A16="","",IF($D16="","Add the players",IF(COUNTIF(Players!$A$2:$A$500,$D16)=0,"Player 1 is not on the Players tab",IF(NOT(ISNUMBER($H16)),"Enter the final place",IF(N($H16)>N($I16),"Place is bigger than the field: enter every team",IF($B16="","Enter the end date","OK"))))))
... I154: =IF(OR($A154="",NOT(ISNUMBER($H154))),"",COUNTIFS($A$5:$A$154,$A154,$H$5:$H$154,">0")) | J154: =IF(OR($A154="",NOT(ISNUMBER($H154))),"",ROUND(Points!$B$5*IF($I154<=1,1,Points!$H$7+(1-Points!$H$7)*((($I154-$H154)*(($I154-$H154)+1)/2)^2-((($I154-$H154-COUNTIFS($A$5:$A$154,$A154,$H$5:$H$154,$H154)+1)-1)*($I154-$H154-COUNTIFS($A$5:$A$154,$A154,$H$5:$H$154,$H154)+1)/2)^2)/(COUNTIFS($A$5:$A$154,$A154,$H$5:$H$154,$H154)*($I154-1)^3)),0)) | K154: =IF($A154="","","Final") | L154: =IF($A154="","",IF($D154="","Add the players",IF(COUNTIF(Players!$A$2:$A$500,$D154)=0,"Player 1 is not on the Players tab",IF(NOT(ISNUMBER($H154)),"Enter the final place",IF(N($H154)>N($I154),"Place is bigger than the field: enter every team",IF($B154="","Enter the end date","OK"))))))

Sheet OHW
A1: One Hour Wednesday | D1: Each week has its own block. Pick the players, enter gross scores in strokes, and pick the gross and net winners.
A2: Everyone except the two winners is scored on their gross finish. Weeks with fewer than 6 players pay half. Only each player's 12 best weeks count.
A4: Date | B4: Player | C4: Gross Score | D4: Winner | E4: Gross Place | F4: Field | G4: Points | H4: Week Rank | I4: Cup Points | J4: Check
A5: Week 1 · Wednesday, Jan 6
A6: 46393 | E6: =IF(OR($B6="",NOT(ISNUMBER($C6))),"",COUNTIFS($A$5:$A$1668,$A6,$C$5:$C$1668,"<"&$C6)+1) | F6: =IF(OR($B6="",NOT(ISNUMBER($C6))),"",COUNTIFS($A$5:$A$1668,$A6,$C$5:$C$1668,">0")) | G6: =IF(OR($B6="",NOT(ISNUMBER($C6))),"",IF($D6<>"",ROUND(Points!$B$6*IF($F6<Points!$H$4,Points!$H$5,1),0),ROUND(Points!$B$6*IF($F6<=1,1,Points!$H$7+(1-Points!$H$7)*((($F6-$E6)*(($F6-$E6)+1)/2)^2-((($F6-$E6-COUNTIFS($A$5:$A$1668,$A6,$C$5:$C$1668,$C6)+1)-1)*($F6-$E6-COUNTIFS($A$5:$A$1668,$A6,$C$5:$C$1668,$C6)+1)/2)^2)/(COUNTIFS($A$5:$A$1668,$A6,$C$5:$C$1668,$C6)*($F6-1)^3))*IF($F6<Points!$H$4,Points!$H$5,1),0))) | H6: =IF($G6="","",COUNTIFS($B$5:$B$1668,$B6,$G$5:$G$1668,">"&$G6)+COUNTIFS($B$4:$B5,$B6,$G$4:$G5,$G6)+1) | I6: =IF($G6="","",IF($H6<=Points!$H$6,$G6,0)) | J6: =IF($B6="","",IF(COUNTIF(Players!$A$2:$A$500,$B6)=0,"Player is not on the Players tab",IF(NOT(ISNUMBER($C6)),"Enter a gross score",IF(COUNTIFS($A$5:$A$1668,$A6,$B$5:$B$1668,$B6)>1,"Player is listed twice this week",IF(AND($D6<>"",COUNTIFS($A$5:$A$1668,$A6,$D$5:$D$1668,$D6)>1),"Two players picked as "&$D6,IF(COUNTIFS($A$5:$A$1668,$A6,$D$5:$D$1668,"Gross winner")=0,"Pick this week's gross winner",IF(COUNTIFS($A$5:$A$1668,$A6,$D$5:$D$1668,"Net winner")=0,"Pick this week's net winner","OK")))))))
A7: 46393 | E7: =IF(OR($B7="",NOT(ISNUMBER($C7))),"",COUNTIFS($A$5:$A$1668,$A7,$C$5:$C$1668,"<"&$C7)+1) | F7: =IF(OR($B7="",NOT(ISNUMBER($C7))),"",COUNTIFS($A$5:$A$1668,$A7,$C$5:$C$1668,">0")) | G7: =IF(OR($B7="",NOT(ISNUMBER($C7))),"",IF($D7<>"",ROUND(Points!$B$6*IF($F7<Points!$H$4,Points!$H$5,1),0),ROUND(Points!$B$6*IF($F7<=1,1,Points!$H$7+(1-Points!$H$7)*((($F7-$E7)*(($F7-$E7)+1)/2)^2-((($F7-$E7-COUNTIFS($A$5:$A$1668,$A7,$C$5:$C$1668,$C7)+1)-1)*($F7-$E7-COUNTIFS($A$5:$A$1668,$A7,$C$5:$C$1668,$C7)+1)/2)^2)/(COUNTIFS($A$5:$A$1668,$A7,$C$5:$C$1668,$C7)*($F7-1)^3))*IF($F7<Points!$H$4,Points!$H$5,1),0))) | H7: =IF($G7="","",COUNTIFS($B$5:$B$1668,$B7,$G$5:$G$1668,">"&$G7)+COUNTIFS($B$4:$B6,$B7,$G$4:$G6,$G7)+1) | I7: =IF($G7="","",IF($H7<=Points!$H$6,$G7,0)) | J7: =IF($B7="","",IF(COUNTIF(Players!$A$2:$A$500,$B7)=0,"Player is not on the Players tab",IF(NOT(ISNUMBER($C7)),"Enter a gross score",IF(COUNTIFS($A$5:$A$1668,$A7,$B$5:$B$1668,$B7)>1,"Player is listed twice this week",IF(AND($D7<>"",COUNTIFS($A$5:$A$1668,$A7,$D$5:$D$1668,$D7)>1),"Two players picked as "&$D7,IF(COUNTIFS($A$5:$A$1668,$A7,$D$5:$D$1668,"Gross winner")=0,"Pick this week's gross winner",IF(COUNTIFS($A$5:$A$1668,$A7,$D$5:$D$1668,"Net winner")=0,"Pick this week's net winner","OK")))))))
A8: 46393 | E8: =IF(OR($B8="",NOT(ISNUMBER($C8))),"",COUNTIFS($A$5:$A$1668,$A8,$C$5:$C$1668,"<"&$C8)+1) | F8: =IF(OR($B8="",NOT(ISNUMBER($C8))),"",COUNTIFS($A$5:$A$1668,$A8,$C$5:$C$1668,">0")) | G8: =IF(OR($B8="",NOT(ISNUMBER($C8))),"",IF($D8<>"",ROUND(Points!$B$6*IF($F8<Points!$H$4,Points!$H$5,1),0),ROUND(Points!$B$6*IF($F8<=1,1,Points!$H$7+(1-Points!$H$7)*((($F8-$E8)*(($F8-$E8)+1)/2)^2-((($F8-$E8-COUNTIFS($A$5:$A$1668,$A8,$C$5:$C$1668,$C8)+1)-1)*($F8-$E8-COUNTIFS($A$5:$A$1668,$A8,$C$5:$C$1668,$C8)+1)/2)^2)/(COUNTIFS($A$5:$A$1668,$A8,$C$5:$C$1668,$C8)*($F8-1)^3))*IF($F8<Points!$H$4,Points!$H$5,1),0))) | H8: =IF($G8="","",COUNTIFS($B$5:$B$1668,$B8,$G$5:$G$1668,">"&$G8)+COUNTIFS($B$4:$B7,$B8,$G$4:$G7,$G8)+1) | I8: =IF($G8="","",IF($H8<=Points!$H$6,$G8,0)) | J8: =IF($B8="","",IF(COUNTIF(Players!$A$2:$A$500,$B8)=0,"Player is not on the Players tab",IF(NOT(ISNUMBER($C8)),"Enter a gross score",IF(COUNTIFS($A$5:$A$1668,$A8,$B$5:$B$1668,$B8)>1,"Player is listed twice this week",IF(AND($D8<>"",COUNTIFS($A$5:$A$1668,$A8,$D$5:$D$1668,$D8)>1),"Two players picked as "&$D8,IF(COUNTIFS($A$5:$A$1668,$A8,$D$5:$D$1668,"Gross winner")=0,"Pick this week's gross winner",IF(COUNTIFS($A$5:$A$1668,$A8,$D$5:$D$1668,"Net winner")=0,"Pick this week's net winner","OK")))))))
A9: 46393 | E9: =IF(OR($B9="",NOT(ISNUMBER($C9))),"",COUNTIFS($A$5:$A$1668,$A9,$C$5:$C$1668,"<"&$C9)+1) | F9: =IF(OR($B9="",NOT(ISNUMBER($C9))),"",COUNTIFS($A$5:$A$1668,$A9,$C$5:$C$1668,">0")) | G9: =IF(OR($B9="",NOT(ISNUMBER($C9))),"",IF($D9<>"",ROUND(Points!$B$6*IF($F9<Points!$H$4,Points!$H$5,1),0),ROUND(Points!$B$6*IF($F9<=1,1,Points!$H$7+(1-Points!$H$7)*((($F9-$E9)*(($F9-$E9)+1)/2)^2-((($F9-$E9-COUNTIFS($A$5:$A$1668,$A9,$C$5:$C$1668,$C9)+1)-1)*($F9-$E9-COUNTIFS($A$5:$A$1668,$A9,$C$5:$C$1668,$C9)+1)/2)^2)/(COUNTIFS($A$5:$A$1668,$A9,$C$5:$C$1668,$C9)*($F9-1)^3))*IF($F9<Points!$H$4,Points!$H$5,1),0))) | H9: =IF($G9="","",COUNTIFS($B$5:$B$1668,$B9,$G$5:$G$1668,">"&$G9)+COUNTIFS($B$4:$B8,$B9,$G$4:$G8,$G9)+1) | I9: =IF($G9="","",IF($H9<=Points!$H$6,$G9,0)) | J9: =IF($B9="","",IF(COUNTIF(Players!$A$2:$A$500,$B9)=0,"Player is not on the Players tab",IF(NOT(ISNUMBER($C9)),"Enter a gross score",IF(COUNTIFS($A$5:$A$1668,$A9,$B$5:$B$1668,$B9)>1,"Player is listed twice this week",IF(AND($D9<>"",COUNTIFS($A$5:$A$1668,$A9,$D$5:$D$1668,$D9)>1),"Two players picked as "&$D9,IF(COUNTIFS($A$5:$A$1668,$A9,$D$5:$D$1668,"Gross winner")=0,"Pick this week's gross winner",IF(COUNTIFS($A$5:$A$1668,$A9,$D$5:$D$1668,"Net winner")=0,"Pick this week's net winner","OK")))))))
A10: 46393 | E10: =IF(OR($B10="",NOT(ISNUMBER($C10))),"",COUNTIFS($A$5:$A$1668,$A10,$C$5:$C$1668,"<"&$C10)+1) | F10: =IF(OR($B10="",NOT(ISNUMBER($C10))),"",COUNTIFS($A$5:$A$1668,$A10,$C$5:$C$1668,">0")) | G10: =IF(OR($B10="",NOT(ISNUMBER($C10))),"",IF($D10<>"",ROUND(Points!$B$6*IF($F10<Points!$H$4,Points!$H$5,1),0),ROUND(Points!$B$6*IF($F10<=1,1,Points!$H$7+(1-Points!$H$7)*((($F10-$E10)*(($F10-$E10)+1)/2)^2-((($F10-$E10-COUNTIFS($A$5:$A$1668,$A10,$C$5:$C$1668,$C10)+1)-1)*($F10-$E10-COUNTIFS($A$5:$A$1668,$A10,$C$5:$C$1668,$C10)+1)/2)^2)/(COUNTIFS($A$5:$A$1668,$A10,$C$5:$C$1668,$C10)*($F10-1)^3))*IF($F10<Points!$H$4,Points!$H$5,1),0))) | H10: =IF($G10="","",COUNTIFS($B$5:$B$1668,$B10,$G$5:$G$1668,">"&$G10)+COUNTIFS($B$4:$B9,$B10,$G$4:$G9,$G10)+1) | I10: =IF($G10="","",IF($H10<=Points!$H$6,$G10,0)) | J10: =IF($B10="","",IF(COUNTIF(Players!$A$2:$A$500,$B10)=0,"Player is not on the Players tab",IF(NOT(ISNUMBER($C10)),"Enter a gross score",IF(COUNTIFS($A$5:$A$1668,$A10,$B$5:$B$1668,$B10)>1,"Player is listed twice this week",IF(AND($D10<>"",COUNTIFS($A$5:$A$1668,$A10,$D$5:$D$1668,$D10)>1),"Two players picked as "&$D10,IF(COUNTIFS($A$5:$A$1668,$A10,$D$5:$D$1668,"Gross winner")=0,"Pick this week's gross winner",IF(COUNTIFS($A$5:$A$1668,$A10,$D$5:$D$1668,"Net winner")=0,"Pick this week's net winner","OK")))))))
A11: 46393 | E11: =IF(OR($B11="",NOT(ISNUMBER($C11))),"",COUNTIFS($A$5:$A$1668,$A11,$C$5:$C$1668,"<"&$C11)+1) | F11: =IF(OR($B11="",NOT(ISNUMBER($C11))),"",COUNTIFS($A$5:$A$1668,$A11,$C$5:$C$1668,">0")) | G11: =IF(OR($B11="",NOT(ISNUMBER($C11))),"",IF($D11<>"",ROUND(Points!$B$6*IF($F11<Points!$H$4,Points!$H$5,1),0),ROUND(Points!$B$6*IF($F11<=1,1,Points!$H$7+(1-Points!$H$7)*((($F11-$E11)*(($F11-$E11)+1)/2)^2-((($F11-$E11-COUNTIFS($A$5:$A$1668,$A11,$C$5:$C$1668,$C11)+1)-1)*($F11-$E11-COUNTIFS($A$5:$A$1668,$A11,$C$5:$C$1668,$C11)+1)/2)^2)/(COUNTIFS($A$5:$A$1668,$A11,$C$5:$C$1668,$C11)*($F11-1)^3))*IF($F11<Points!$H$4,Points!$H$5,1),0))) | H11: =IF($G11="","",COUNTIFS($B$5:$B$1668,$B11,$G$5:$G$1668,">"&$G11)+COUNTIFS($B$4:$B10,$B11,$G$4:$G10,$G11)+1) | I11: =IF($G11="","",IF($H11<=Points!$H$6,$G11,0)) | J11: =IF($B11="","",IF(COUNTIF(Players!$A$2:$A$500,$B11)=0,"Player is not on the Players tab",IF(NOT(ISNUMBER($C11)),"Enter a gross score",IF(COUNTIFS($A$5:$A$1668,$A11,$B$5:$B$1668,$B11)>1,"Player is listed twice this week",IF(AND($D11<>"",COUNTIFS($A$5:$A$1668,$A11,$D$5:$D$1668,$D11)>1),"Two players picked as "&$D11,IF(COUNTIFS($A$5:$A$1668,$A11,$D$5:$D$1668,"Gross winner")=0,"Pick this week's gross winner",IF(COUNTIFS($A$5:$A$1668,$A11,$D$5:$D$1668,"Net winner")=0,"Pick this week's net winner","OK")))))))
A12: 46393 | E12: =IF(OR($B12="",NOT(ISNUMBER($C12))),"",COUNTIFS($A$5:$A$1668,$A12,$C$5:$C$1668,"<"&$C12)+1) | F12: =IF(OR($B12="",NOT(ISNUMBER($C12))),"",COUNTIFS($A$5:$A$1668,$A12,$C$5:$C$1668,">0")) | G12: =IF(OR($B12="",NOT(ISNUMBER($C12))),"",IF($D12<>"",ROUND(Points!$B$6*IF($F12<Points!$H$4,Points!$H$5,1),0),ROUND(Points!$B$6*IF($F12<=1,1,Points!$H$7+(1-Points!$H$7)*((($F12-$E12)*(($F12-$E12)+1)/2)^2-((($F12-$E12-COUNTIFS($A$5:$A$1668,$A12,$C$5:$C$1668,$C12)+1)-1)*($F12-$E12-COUNTIFS($A$5:$A$1668,$A12,$C$5:$C$1668,$C12)+1)/2)^2)/(COUNTIFS($A$5:$A$1668,$A12,$C$5:$C$1668,$C12)*($F12-1)^3))*IF($F12<Points!$H$4,Points!$H$5,1),0))) | H12: =IF($G12="","",COUNTIFS($B$5:$B$1668,$B12,$G$5:$G$1668,">"&$G12)+COUNTIFS($B$4:$B11,$B12,$G$4:$G11,$G12)+1) | I12: =IF($G12="","",IF($H12<=Points!$H$6,$G12,0)) | J12: =IF($B12="","",IF(COUNTIF(Players!$A$2:$A$500,$B12)=0,"Player is not on the Players tab",IF(NOT(ISNUMBER($C12)),"Enter a gross score",IF(COUNTIFS($A$5:$A$1668,$A12,$B$5:$B$1668,$B12)>1,"Player is listed twice this week",IF(AND($D12<>"",COUNTIFS($A$5:$A$1668,$A12,$D$5:$D$1668,$D12)>1),"Two players picked as "&$D12,IF(COUNTIFS($A$5:$A$1668,$A12,$D$5:$D$1668,"Gross winner")=0,"Pick this week's gross winner",IF(COUNTIFS($A$5:$A$1668,$A12,$D$5:$D$1668,"Net winner")=0,"Pick this week's net winner","OK")))))))
A13: 46393 | E13: =IF(OR($B13="",NOT(ISNUMBER($C13))),"",COUNTIFS($A$5:$A$1668,$A13,$C$5:$C$1668,"<"&$C13)+1) | F13: =IF(OR($B13="",NOT(ISNUMBER($C13))),"",COUNTIFS($A$5:$A$1668,$A13,$C$5:$C$1668,">0")) | G13: =IF(OR($B13="",NOT(ISNUMBER($C13))),"",IF($D13<>"",ROUND(Points!$B$6*IF($F13<Points!$H$4,Points!$H$5,1),0),ROUND(Points!$B$6*IF($F13<=1,1,Points!$H$7+(1-Points!$H$7)*((($F13-$E13)*(($F13-$E13)+1)/2)^2-((($F13-$E13-COUNTIFS($A$5:$A$1668,$A13,$C$5:$C$1668,$C13)+1)-1)*($F13-$E13-COUNTIFS($A$5:$A$1668,$A13,$C$5:$C$1668,$C13)+1)/2)^2)/(COUNTIFS($A$5:$A$1668,$A13,$C$5:$C$1668,$C13)*($F13-1)^3))*IF($F13<Points!$H$4,Points!$H$5,1),0))) | H13: =IF($G13="","",COUNTIFS($B$5:$B$1668,$B13,$G$5:$G$1668,">"&$G13)+COUNTIFS($B$4:$B12,$B13,$G$4:$G12,$G13)+1) | I13: =IF($G13="","",IF($H13<=Points!$H$6,$G13,0)) | J13: =IF($B13="","",IF(COUNTIF(Players!$A$2:$A$500,$B13)=0,"Player is not on the Players tab",IF(NOT(ISNUMBER($C13)),"Enter a gross score",IF(COUNTIFS($A$5:$A$1668,$A13,$B$5:$B$1668,$B13)>1,"Player is listed twice this week",IF(AND($D13<>"",COUNTIFS($A$5:$A$1668,$A13,$D$5:$D$1668,$D13)>1),"Two players picked as "&$D13,IF(COUNTIFS($A$5:$A$1668,$A13,$D$5:$D$1668,"Gross winner")=0,"Pick this week's gross winner",IF(COUNTIFS($A$5:$A$1668,$A13,$D$5:$D$1668,"Net winner")=0,"Pick this week's net winner","OK")))))))
A14: 46393 | E14: =IF(OR($B14="",NOT(ISNUMBER($C14))),"",COUNTIFS($A$5:$A$1668,$A14,$C$5:$C$1668,"<"&$C14)+1) | F14: =IF(OR($B14="",NOT(ISNUMBER($C14))),"",COUNTIFS($A$5:$A$1668,$A14,$C$5:$C$1668,">0")) | G14: =IF(OR($B14="",NOT(ISNUMBER($C14))),"",IF($D14<>"",ROUND(Points!$B$6*IF($F14<Points!$H$4,Points!$H$5,1),0),ROUND(Points!$B$6*IF($F14<=1,1,Points!$H$7+(1-Points!$H$7)*((($F14-$E14)*(($F14-$E14)+1)/2)^2-((($F14-$E14-COUNTIFS($A$5:$A$1668,$A14,$C$5:$C$1668,$C14)+1)-1)*($F14-$E14-COUNTIFS($A$5:$A$1668,$A14,$C$5:$C$1668,$C14)+1)/2)^2)/(COUNTIFS($A$5:$A$1668,$A14,$C$5:$C$1668,$C14)*($F14-1)^3))*IF($F14<Points!$H$4,Points!$H$5,1),0))) | H14: =IF($G14="","",COUNTIFS($B$5:$B$1668,$B14,$G$5:$G$1668,">"&$G14)+COUNTIFS($B$4:$B13,$B14,$G$4:$G13,$G14)+1) | I14: =IF($G14="","",IF($H14<=Points!$H$6,$G14,0)) | J14: =IF($B14="","",IF(COUNTIF(Players!$A$2:$A$500,$B14)=0,"Player is not on the Players tab",IF(NOT(ISNUMBER($C14)),"Enter a gross score",IF(COUNTIFS($A$5:$A$1668,$A14,$B$5:$B$1668,$B14)>1,"Player is listed twice this week",IF(AND($D14<>"",COUNTIFS($A$5:$A$1668,$A14,$D$5:$D$1668,$D14)>1),"Two players picked as "&$D14,IF(COUNTIFS($A$5:$A$1668,$A14,$D$5:$D$1668,"Gross winner")=0,"Pick this week's gross winner",IF(COUNTIFS($A$5:$A$1668,$A14,$D$5:$D$1668,"Net winner")=0,"Pick this week's net winner","OK")))))))
A15: 46393 | E15: =IF(OR($B15="",NOT(ISNUMBER($C15))),"",COUNTIFS($A$5:$A$1668,$A15,$C$5:$C$1668,"<"&$C15)+1) | F15: =IF(OR($B15="",NOT(ISNUMBER($C15))),"",COUNTIFS($A$5:$A$1668,$A15,$C$5:$C$1668,">0")) | G15: =IF(OR($B15="",NOT(ISNUMBER($C15))),"",IF($D15<>"",ROUND(Points!$B$6*IF($F15<Points!$H$4,Points!$H$5,1),0),ROUND(Points!$B$6*IF($F15<=1,1,Points!$H$7+(1-Points!$H$7)*((($F15-$E15)*(($F15-$E15)+1)/2)^2-((($F15-$E15-COUNTIFS($A$5:$A$1668,$A15,$C$5:$C$1668,$C15)+1)-1)*($F15-$E15-COUNTIFS($A$5:$A$1668,$A15,$C$5:$C$1668,$C15)+1)/2)^2)/(COUNTIFS($A$5:$A$1668,$A15,$C$5:$C$1668,$C15)*($F15-1)^3))*IF($F15<Points!$H$4,Points!$H$5,1),0))) | H15: =IF($G15="","",COUNTIFS($B$5:$B$1668,$B15,$G$5:$G$1668,">"&$G15)+COUNTIFS($B$4:$B14,$B15,$G$4:$G14,$G15)+1) | I15: =IF($G15="","",IF($H15<=Points!$H$6,$G15,0)) | J15: =IF($B15="","",IF(COUNTIF(Players!$A$2:$A$500,$B15)=0,"Player is not on the Players tab",IF(NOT(ISNUMBER($C15)),"Enter a gross score",IF(COUNTIFS($A$5:$A$1668,$A15,$B$5:$B$1668,$B15)>1,"Player is listed twice this week",IF(AND($D15<>"",COUNTIFS($A$5:$A$1668,$A15,$D$5:$D$1668,$D15)>1),"Two players picked as "&$D15,IF(COUNTIFS($A$5:$A$1668,$A15,$D$5:$D$1668,"Gross winner")=0,"Pick this week's gross winner",IF(COUNTIFS($A$5:$A$1668,$A15,$D$5:$D$1668,"Net winner")=0,"Pick this week's net winner","OK")))))))
A16: 46393 | E16: =IF(OR($B16="",NOT(ISNUMBER($C16))),"",COUNTIFS($A$5:$A$1668,$A16,$C$5:$C$1668,"<"&$C16)+1) | F16: =IF(OR($B16="",NOT(ISNUMBER($C16))),"",COUNTIFS($A$5:$A$1668,$A16,$C$5:$C$1668,">0")) | G16: =IF(OR($B16="",NOT(ISNUMBER($C16))),"",IF($D16<>"",ROUND(Points!$B$6*IF($F16<Points!$H$4,Points!$H$5,1),0),ROUND(Points!$B$6*IF($F16<=1,1,Points!$H$7+(1-Points!$H$7)*((($F16-$E16)*(($F16-$E16)+1)/2)^2-((($F16-$E16-COUNTIFS($A$5:$A$1668,$A16,$C$5:$C$1668,$C16)+1)-1)*($F16-$E16-COUNTIFS($A$5:$A$1668,$A16,$C$5:$C$1668,$C16)+1)/2)^2)/(COUNTIFS($A$5:$A$1668,$A16,$C$5:$C$1668,$C16)*($F16-1)^3))*IF($F16<Points!$H$4,Points!$H$5,1),0))) | H16: =IF($G16="","",COUNTIFS($B$5:$B$1668,$B16,$G$5:$G$1668,">"&$G16)+COUNTIFS($B$4:$B15,$B16,$G$4:$G15,$G16)+1) | I16: =IF($G16="","",IF($H16<=Points!$H$6,$G16,0)) | J16: =IF($B16="","",IF(COUNTIF(Players!$A$2:$A$500,$B16)=0,"Player is not on the Players tab",IF(NOT(ISNUMBER($C16)),"Enter a gross score",IF(COUNTIFS($A$5:$A$1668,$A16,$B$5:$B$1668,$B16)>1,"Player is listed twice this week",IF(AND($D16<>"",COUNTIFS($A$5:$A$1668,$A16,$D$5:$D$1668,$D16)>1),"Two players picked as "&$D16,IF(COUNTIFS($A$5:$A$1668,$A16,$D$5:$D$1668,"Gross winner")=0,"Pick this week's gross winner",IF(COUNTIFS($A$5:$A$1668,$A16,$D$5:$D$1668,"Net winner")=0,"Pick this week's net winner","OK")))))))
A17: 46393 | E17: =IF(OR($B17="",NOT(ISNUMBER($C17))),"",COUNTIFS($A$5:$A$1668,$A17,$C$5:$C$1668,"<"&$C17)+1) | F17: =IF(OR($B17="",NOT(ISNUMBER($C17))),"",COUNTIFS($A$5:$A$1668,$A17,$C$5:$C$1668,">0")) | G17: =IF(OR($B17="",NOT(ISNUMBER($C17))),"",IF($D17<>"",ROUND(Points!$B$6*IF($F17<Points!$H$4,Points!$H$5,1),0),ROUND(Points!$B$6*IF($F17<=1,1,Points!$H$7+(1-Points!$H$7)*((($F17-$E17)*(($F17-$E17)+1)/2)^2-((($F17-$E17-COUNTIFS($A$5:$A$1668,$A17,$C$5:$C$1668,$C17)+1)-1)*($F17-$E17-COUNTIFS($A$5:$A$1668,$A17,$C$5:$C$1668,$C17)+1)/2)^2)/(COUNTIFS($A$5:$A$1668,$A17,$C$5:$C$1668,$C17)*($F17-1)^3))*IF($F17<Points!$H$4,Points!$H$5,1),0))) | H17: =IF($G17="","",COUNTIFS($B$5:$B$1668,$B17,$G$5:$G$1668,">"&$G17)+COUNTIFS($B$4:$B16,$B17,$G$4:$G16,$G17)+1) | I17: =IF($G17="","",IF($H17<=Points!$H$6,$G17,0)) | J17: =IF($B17="","",IF(COUNTIF(Players!$A$2:$A$500,$B17)=0,"Player is not on the Players tab",IF(NOT(ISNUMBER($C17)),"Enter a gross score",IF(COUNTIFS($A$5:$A$1668,$A17,$B$5:$B$1668,$B17)>1,"Player is listed twice this week",IF(AND($D17<>"",COUNTIFS($A$5:$A$1668,$A17,$D$5:$D$1668,$D17)>1),"Two players picked as "&$D17,IF(COUNTIFS($A$5:$A$1668,$A17,$D$5:$D$1668,"Gross winner")=0,"Pick this week's gross winner",IF(COUNTIFS($A$5:$A$1668,$A17,$D$5:$D$1668,"Net winner")=0,"Pick this week's net winner","OK")))))))
... A35: 46393 | E35: =IF(OR($B35="",NOT(ISNUMBER($C35))),"",COUNTIFS($A$5:$A$1668,$A35,$C$5:$C$1668,"<"&$C35)+1) | F35: =IF(OR($B35="",NOT(ISNUMBER($C35))),"",COUNTIFS($A$5:$A$1668,$A35,$C$5:$C$1668,">0")) | G35: =IF(OR($B35="",NOT(ISNUMBER($C35))),"",IF($D35<>"",ROUND(Points!$B$6*IF($F35<Points!$H$4,Points!$H$5,1),0),ROUND(Points!$B$6*IF($F35<=1,1,Points!$H$7+(1-Points!$H$7)*((($F35-$E35)*(($F35-$E35)+1)/2)^2-((($F35-$E35-COUNTIFS($A$5:$A$1668,$A35,$C$5:$C$1668,$C35)+1)-1)*($F35-$E35-COUNTIFS($A$5:$A$1668,$A35,$C$5:$C$1668,$C35)+1)/2)^2)/(COUNTIFS($A$5:$A$1668,$A35,$C$5:$C$1668,$C35)*($F35-1)^3))*IF($F35<Points!$H$4,Points!$H$5,1),0))) | H35: =IF($G35="","",COUNTIFS($B$5:$B$1668,$B35,$G$5:$G$1668,">"&$G35)+COUNTIFS($B$4:$B34,$B35,$G$4:$G34,$G35)+1) | I35: =IF($G35="","",IF($H35<=Points!$H$6,$G35,0)) | J35: =IF($B35="","",IF(COUNTIF(Players!$A$2:$A$500,$B35)=0,"Player is not on the Players tab",IF(NOT(ISNUMBER($C35)),"Enter a gross score",IF(COUNTIFS($A$5:$A$1668,$A35,$B$5:$B$1668,$B35)>1,"Player is listed twice this week",IF(AND($D35<>"",COUNTIFS($A$5:$A$1668,$A35,$D$5:$D$1668,$D35)>1),"Two players picked as "&$D35,IF(COUNTIFS($A$5:$A$1668,$A35,$D$5:$D$1668,"Gross winner")=0,"Pick this week's gross winner",IF(COUNTIFS($A$5:$A$1668,$A35,$D$5:$D$1668,"Net winner")=0,"Pick this week's net winner","OK")))))))
A37: Week 2 · Wednesday, Jan 13
A38: 46400 | E38: =IF(OR($B38="",NOT(ISNUMBER($C38))),"",COUNTIFS($A$5:$A$1668,$A38,$C$5:$C$1668,"<"&$C38)+1) | F38: =IF(OR($B38="",NOT(ISNUMBER($C38))),"",COUNTIFS($A$5:$A$1668,$A38,$C$5:$C$1668,">0")) | G38: =IF(OR($B38="",NOT(ISNUMBER($C38))),"",IF($D38<>"",ROUND(Points!$B$6*IF($F38<Points!$H$4,Points!$H$5,1),0),ROUND(Points!$B$6*IF($F38<=1,1,Points!$H$7+(1-Points!$H$7)*((($F38-$E38)*(($F38-$E38)+1)/2)^2-((($F38-$E38-COUNTIFS($A$5:$A$1668,$A38,$C$5:$C$1668,$C38)+1)-1)*($F38-$E38-COUNTIFS($A$5:$A$1668,$A38,$C$5:$C$1668,$C38)+1)/2)^2)/(COUNTIFS($A$5:$A$1668,$A38,$C$5:$C$1668,$C38)*($F38-1)^3))*IF($F38<Points!$H$4,Points!$H$5,1),0))) | H38: =IF($G38="","",COUNTIFS($B$5:$B$1668,$B38,$G$5:$G$1668,">"&$G38)+COUNTIFS($B$4:$B37,$B38,$G$4:$G37,$G38)+1) | I38: =IF($G38="","",IF($H38<=Points!$H$6,$G38,0)) | J38: =IF($B38="","",IF(COUNTIF(Players!$A$2:$A$500,$B38)=0,"Player is not on the Players tab",IF(NOT(ISNUMBER($C38)),"Enter a gross score",IF(COUNTIFS($A$5:$A$1668,$A38,$B$5:$B$1668,$B38)>1,"Player is listed twice this week",IF(AND($D38<>"",COUNTIFS($A$5:$A$1668,$A38,$D$5:$D$1668,$D38)>1),"Two players picked as "&$D38,IF(COUNTIFS($A$5:$A$1668,$A38,$D$5:$D$1668,"Gross winner")=0,"Pick this week's gross winner",IF(COUNTIFS($A$5:$A$1668,$A38,$D$5:$D$1668,"Net winner")=0,"Pick this week's net winner","OK")))))))
A39: 46400 | E39: =IF(OR($B39="",NOT(ISNUMBER($C39))),"",COUNTIFS($A$5:$A$1668,$A39,$C$5:$C$1668,"<"&$C39)+1) | F39: =IF(OR($B39="",NOT(ISNUMBER($C39))),"",COUNTIFS($A$5:$A$1668,$A39,$C$5:$C$1668,">0")) | G39: =IF(OR($B39="",NOT(ISNUMBER($C39))),"",IF($D39<>"",ROUND(Points!$B$6*IF($F39<Points!$H$4,Points!$H$5,1),0),ROUND(Points!$B$6*IF($F39<=1,1,Points!$H$7+(1-Points!$H$7)*((($F39-$E39)*(($F39-$E39)+1)/2)^2-((($F39-$E39-COUNTIFS($A$5:$A$1668,$A39,$C$5:$C$1668,$C39)+1)-1)*($F39-$E39-COUNTIFS($A$5:$A$1668,$A39,$C$5:$C$1668,$C39)+1)/2)^2)/(COUNTIFS($A$5:$A$1668,$A39,$C$5:$C$1668,$C39)*($F39-1)^3))*IF($F39<Points!$H$4,Points!$H$5,1),0))) | H39: =IF($G39="","",COUNTIFS($B$5:$B$1668,$B39,$G$5:$G$1668,">"&$G39)+COUNTIFS($B$4:$B38,$B39,$G$4:$G38,$G39)+1) | I39: =IF($G39="","",IF($H39<=Points!$H$6,$G39,0)) | J39: =IF($B39="","",IF(COUNTIF(Players!$A$2:$A$500,$B39)=0,"Player is not on the Players tab",IF(NOT(ISNUMBER($C39)),"Enter a gross score",IF(COUNTIFS($A$5:$A$1668,$A39,$B$5:$B$1668,$B39)>1,"Player is listed twice this week",IF(AND($D39<>"",COUNTIFS($A$5:$A$1668,$A39,$D$5:$D$1668,$D39)>1),"Two players picked as "&$D39,IF(COUNTIFS($A$5:$A$1668,$A39,$D$5:$D$1668,"Gross winner")=0,"Pick this week's gross winner",IF(COUNTIFS($A$5:$A$1668,$A39,$D$5:$D$1668,"Net winner")=0,"Pick this week's net winner","OK")))))))
A40: 46400 | E40: =IF(OR($B40="",NOT(ISNUMBER($C40))),"",COUNTIFS($A$5:$A$1668,$A40,$C$5:$C$1668,"<"&$C40)+1) | F40: =IF(OR($B40="",NOT(ISNUMBER($C40))),"",COUNTIFS($A$5:$A$1668,$A40,$C$5:$C$1668,">0")) | G40: =IF(OR($B40="",NOT(ISNUMBER($C40))),"",IF($D40<>"",ROUND(Points!$B$6*IF($F40<Points!$H$4,Points!$H$5,1),0),ROUND(Points!$B$6*IF($F40<=1,1,Points!$H$7+(1-Points!$H$7)*((($F40-$E40)*(($F40-$E40)+1)/2)^2-((($F40-$E40-COUNTIFS($A$5:$A$1668,$A40,$C$5:$C$1668,$C40)+1)-1)*($F40-$E40-COUNTIFS($A$5:$A$1668,$A40,$C$5:$C$1668,$C40)+1)/2)^2)/(COUNTIFS($A$5:$A$1668,$A40,$C$5:$C$1668,$C40)*($F40-1)^3))*IF($F40<Points!$H$4,Points!$H$5,1),0))) | H40: =IF($G40="","",COUNTIFS($B$5:$B$1668,$B40,$G$5:$G$1668,">"&$G40)+COUNTIFS($B$4:$B39,$B40,$G$4:$G39,$G40)+1) | I40: =IF($G40="","",IF($H40<=Points!$H$6,$G40,0)) | J40: =IF($B40="","",IF(COUNTIF(Players!$A$2:$A$500,$B40)=0,"Player is not on the Players tab",IF(NOT(ISNUMBER($C40)),"Enter a gross score",IF(COUNTIFS($A$5:$A$1668,$A40,$B$5:$B$1668,$B40)>1,"Player is listed twice this week",IF(AND($D40<>"",COUNTIFS($A$5:$A$1668,$A40,$D$5:$D$1668,$D40)>1),"Two players picked as "&$D40,IF(COUNTIFS($A$5:$A$1668,$A40,$D$5:$D$1668,"Gross winner")=0,"Pick this week's gross winner",IF(COUNTIFS($A$5:$A$1668,$A40,$D$5:$D$1668,"Net winner")=0,"Pick this week's net winner","OK")))))))
A41: 46400 | E41: =IF(OR($B41="",NOT(ISNUMBER($C41))),"",COUNTIFS($A$5:$A$1668,$A41,$C$5:$C$1668,"<"&$C41)+1) | F41: =IF(OR($B41="",NOT(ISNUMBER($C41))),"",COUNTIFS($A$5:$A$1668,$A41,$C$5:$C$1668,">0")) | G41: =IF(OR($B41="",NOT(ISNUMBER($C41))),"",IF($D41<>"",ROUND(Points!$B$6*IF($F41<Points!$H$4,Points!$H$5,1),0),ROUND(Points!$B$6*IF($F41<=1,1,Points!$H$7+(1-Points!$H$7)*((($F41-$E41)*(($F41-$E41)+1)/2)^2-((($F41-$E41-COUNTIFS($A$5:$A$1668,$A41,$C$5:$C$1668,$C41)+1)-1)*($F41-$E41-COUNTIFS($A$5:$A$1668,$A41,$C$5:$C$1668,$C41)+1)/2)^2)/(COUNTIFS($A$5:$A$1668,$A41,$C$5:$C$1668,$C41)*($F41-1)^3))*IF($F41<Points!$H$4,Points!$H$5,1),0))) | H41: =IF($G41="","",COUNTIFS($B$5:$B$1668,$B41,$G$5:$G$1668,">"&$G41)+COUNTIFS($B$4:$B40,$B41,$G$4:$G40,$G41)+1) | I41: =IF($G41="","",IF($H41<=Points!$H$6,$G41,0)) | J41: =IF($B41="","",IF(COUNTIF(Players!$A$2:$A$500,$B41)=0,"Player is not on the Players tab",IF(NOT(ISNUMBER($C41)),"Enter a gross score",IF(COUNTIFS($A$5:$A$1668,$A41,$B$5:$B$1668,$B41)>1,"Player is listed twice this week",IF(AND($D41<>"",COUNTIFS($A$5:$A$1668,$A41,$D$5:$D$1668,$D41)>1),"Two players picked as "&$D41,IF(COUNTIFS($A$5:$A$1668,$A41,$D$5:$D$1668,"Gross winner")=0,"Pick this week's gross winner",IF(COUNTIFS($A$5:$A$1668,$A41,$D$5:$D$1668,"Net winner")=0,"Pick this week's net winner","OK")))))))
A42: 46400 | E42: =IF(OR($B42="",NOT(ISNUMBER($C42))),"",COUNTIFS($A$5:$A$1668,$A42,$C$5:$C$1668,"<"&$C42)+1) | F42: =IF(OR($B42="",NOT(ISNUMBER($C42))),"",COUNTIFS($A$5:$A$1668,$A42,$C$5:$C$1668,">0")) | G42: =IF(OR($B42="",NOT(ISNUMBER($C42))),"",IF($D42<>"",ROUND(Points!$B$6*IF($F42<Points!$H$4,Points!$H$5,1),0),ROUND(Points!$B$6*IF($F42<=1,1,Points!$H$7+(1-Points!$H$7)*((($F42-$E42)*(($F42-$E42)+1)/2)^2-((($F42-$E42-COUNTIFS($A$5:$A$1668,$A42,$C$5:$C$1668,$C42)+1)-1)*($F42-$E42-COUNTIFS($A$5:$A$1668,$A42,$C$5:$C$1668,$C42)+1)/2)^2)/(COUNTIFS($A$5:$A$1668,$A42,$C$5:$C$1668,$C42)*($F42-1)^3))*IF($F42<Points!$H$4,Points!$H$5,1),0))) | H42: =IF($G42="","",COUNTIFS($B$5:$B$1668,$B42,$G$5:$G$1668,">"&$G42)+COUNTIFS($B$4:$B41,$B42,$G$4:$G41,$G42)+1) | I42: =IF($G42="","",IF($H42<=Points!$H$6,$G42,0)) | J42: =IF($B42="","",IF(COUNTIF(Players!$A$2:$A$500,$B42)=0,"Player is not on the Players tab",IF(NOT(ISNUMBER($C42)),"Enter a gross score",IF(COUNTIFS($A$5:$A$1668,$A42,$B$5:$B$1668,$B42)>1,"Player is listed twice this week",IF(AND($D42<>"",COUNTIFS($A$5:$A$1668,$A42,$D$5:$D$1668,$D42)>1),"Two players picked as "&$D42,IF(COUNTIFS($A$5:$A$1668,$A42,$D$5:$D$1668,"Gross winner")=0,"Pick this week's gross winner",IF(COUNTIFS($A$5:$A$1668,$A42,$D$5:$D$1668,"Net winner")=0,"Pick this week's net winner","OK")))))))
A43: 46400 | E43: =IF(OR($B43="",NOT(ISNUMBER($C43))),"",COUNTIFS($A$5:$A$1668,$A43,$C$5:$C$1668,"<"&$C43)+1) | F43: =IF(OR($B43="",NOT(ISNUMBER($C43))),"",COUNTIFS($A$5:$A$1668,$A43,$C$5:$C$1668,">0")) | G43: =IF(OR($B43="",NOT(ISNUMBER($C43))),"",IF($D43<>"",ROUND(Points!$B$6*IF($F43<Points!$H$4,Points!$H$5,1),0),ROUND(Points!$B$6*IF($F43<=1,1,Points!$H$7+(1-Points!$H$7)*((($F43-$E43)*(($F43-$E43)+1)/2)^2-((($F43-$E43-COUNTIFS($A$5:$A$1668,$A43,$C$5:$C$1668,$C43)+1)-1)*($F43-$E43-COUNTIFS($A$5:$A$1668,$A43,$C$5:$C$1668,$C43)+1)/2)^2)/(COUNTIFS($A$5:$A$1668,$A43,$C$5:$C$1668,$C43)*($F43-1)^3))*IF($F43<Points!$H$4,Points!$H$5,1),0))) | H43: =IF($G43="","",COUNTIFS($B$5:$B$1668,$B43,$G$5:$G$1668,">"&$G43)+COUNTIFS($B$4:$B42,$B43,$G$4:$G42,$G43)+1) | I43: =IF($G43="","",IF($H43<=Points!$H$6,$G43,0)) | J43: =IF($B43="","",IF(COUNTIF(Players!$A$2:$A$500,$B43)=0,"Player is not on the Players tab",IF(NOT(ISNUMBER($C43)),"Enter a gross score",IF(COUNTIFS($A$5:$A$1668,$A43,$B$5:$B$1668,$B43)>1,"Player is listed twice this week",IF(AND($D43<>"",COUNTIFS($A$5:$A$1668,$A43,$D$5:$D$1668,$D43)>1),"Two players picked as "&$D43,IF(COUNTIFS($A$5:$A$1668,$A43,$D$5:$D$1668,"Gross winner")=0,"Pick this week's gross winner",IF(COUNTIFS($A$5:$A$1668,$A43,$D$5:$D$1668,"Net winner")=0,"Pick this week's net winner","OK")))))))
A44: 46400 | E44: =IF(OR($B44="",NOT(ISNUMBER($C44))),"",COUNTIFS($A$5:$A$1668,$A44,$C$5:$C$1668,"<"&$C44)+1) | F44: =IF(OR($B44="",NOT(ISNUMBER($C44))),"",COUNTIFS($A$5:$A$1668,$A44,$C$5:$C$1668,">0")) | G44: =IF(OR($B44="",NOT(ISNUMBER($C44))),"",IF($D44<>"",ROUND(Points!$B$6*IF($F44<Points!$H$4,Points!$H$5,1),0),ROUND(Points!$B$6*IF($F44<=1,1,Points!$H$7+(1-Points!$H$7)*((($F44-$E44)*(($F44-$E44)+1)/2)^2-((($F44-$E44-COUNTIFS($A$5:$A$1668,$A44,$C$5:$C$1668,$C44)+1)-1)*($F44-$E44-COUNTIFS($A$5:$A$1668,$A44,$C$5:$C$1668,$C44)+1)/2)^2)/(COUNTIFS($A$5:$A$1668,$A44,$C$5:$C$1668,$C44)*($F44-1)^3))*IF($F44<Points!$H$4,Points!$H$5,1),0))) | H44: =IF($G44="","",COUNTIFS($B$5:$B$1668,$B44,$G$5:$G$1668,">"&$G44)+COUNTIFS($B$4:$B43,$B44,$G$4:$G43,$G44)+1) | I44: =IF($G44="","",IF($H44<=Points!$H$6,$G44,0)) | J44: =IF($B44="","",IF(COUNTIF(Players!$A$2:$A$500,$B44)=0,"Player is not on the Players tab",IF(NOT(ISNUMBER($C44)),"Enter a gross score",IF(COUNTIFS($A$5:$A$1668,$A44,$B$5:$B$1668,$B44)>1,"Player is listed twice this week",IF(AND($D44<>"",COUNTIFS($A$5:$A$1668,$A44,$D$5:$D$1668,$D44)>1),"Two players picked as "&$D44,IF(COUNTIFS($A$5:$A$1668,$A44,$D$5:$D$1668,"Gross winner")=0,"Pick this week's gross winner",IF(COUNTIFS($A$5:$A$1668,$A44,$D$5:$D$1668,"Net winner")=0,"Pick this week's net winner","OK")))))))
A45: 46400 | E45: =IF(OR($B45="",NOT(ISNUMBER($C45))),"",COUNTIFS($A$5:$A$1668,$A45,$C$5:$C$1668,"<"&$C45)+1) | F45: =IF(OR($B45="",NOT(ISNUMBER($C45))),"",COUNTIFS($A$5:$A$1668,$A45,$C$5:$C$1668,">0")) | G45: =IF(OR($B45="",NOT(ISNUMBER($C45))),"",IF($D45<>"",ROUND(Points!$B$6*IF($F45<Points!$H$4,Points!$H$5,1),0),ROUND(Points!$B$6*IF($F45<=1,1,Points!$H$7+(1-Points!$H$7)*((($F45-$E45)*(($F45-$E45)+1)/2)^2-((($F45-$E45-COUNTIFS($A$5:$A$1668,$A45,$C$5:$C$1668,$C45)+1)-1)*($F45-$E45-COUNTIFS($A$5:$A$1668,$A45,$C$5:$C$1668,$C45)+1)/2)^2)/(COUNTIFS($A$5:$A$1668,$A45,$C$5:$C$1668,$C45)*($F45-1)^3))*IF($F45<Points!$H$4,Points!$H$5,1),0))) | H45: =IF($G45="","",COUNTIFS($B$5:$B$1668,$B45,$G$5:$G$1668,">"&$G45)+COUNTIFS($B$4:$B44,$B45,$G$4:$G44,$G45)+1) | I45: =IF($G45="","",IF($H45<=Points!$H$6,$G45,0)) | J45: =IF($B45="","",IF(COUNTIF(Players!$A$2:$A$500,$B45)=0,"Player is not on the Players tab",IF(NOT(ISNUMBER($C45)),"Enter a gross score",IF(COUNTIFS($A$5:$A$1668,$A45,$B$5:$B$1668,$B45)>1,"Player is listed twice this week",IF(AND($D45<>"",COUNTIFS($A$5:$A$1668,$A45,$D$5:$D$1668,$D45)>1),"Two players picked as "&$D45,IF(COUNTIFS($A$5:$A$1668,$A45,$D$5:$D$1668,"Gross winner")=0,"Pick this week's gross winner",IF(COUNTIFS($A$5:$A$1668,$A45,$D$5:$D$1668,"Net winner")=0,"Pick this week's net winner","OK")))))))
A46: 46400 | E46: =IF(OR($B46="",NOT(ISNUMBER($C46))),"",COUNTIFS($A$5:$A$1668,$A46,$C$5:$C$1668,"<"&$C46)+1) | F46: =IF(OR($B46="",NOT(ISNUMBER($C46))),"",COUNTIFS($A$5:$A$1668,$A46,$C$5:$C$1668,">0")) | G46: =IF(OR($B46="",NOT(ISNUMBER($C46))),"",IF($D46<>"",ROUND(Points!$B$6*IF($F46<Points!$H$4,Points!$H$5,1),0),ROUND(Points!$B$6*IF($F46<=1,1,Points!$H$7+(1-Points!$H$7)*((($F46-$E46)*(($F46-$E46)+1)/2)^2-((($F46-$E46-COUNTIFS($A$5:$A$1668,$A46,$C$5:$C$1668,$C46)+1)-1)*($F46-$E46-COUNTIFS($A$5:$A$1668,$A46,$C$5:$C$1668,$C46)+1)/2)^2)/(COUNTIFS($A$5:$A$1668,$A46,$C$5:$C$1668,$C46)*($F46-1)^3))*IF($F46<Points!$H$4,Points!$H$5,1),0))) | H46: =IF($G46="","",COUNTIFS($B$5:$B$1668,$B46,$G$5:$G$1668,">"&$G46)+COUNTIFS($B$4:$B45,$B46,$G$4:$G45,$G46)+1) | I46: =IF($G46="","",IF($H46<=Points!$H$6,$G46,0)) | J46: =IF($B46="","",IF(COUNTIF(Players!$A$2:$A$500,$B46)=0,"Player is not on the Players tab",IF(NOT(ISNUMBER($C46)),"Enter a gross score",IF(COUNTIFS($A$5:$A$1668,$A46,$B$5:$B$1668,$B46)>1,"Player is listed twice this week",IF(AND($D46<>"",COUNTIFS($A$5:$A$1668,$A46,$D$5:$D$1668,$D46)>1),"Two players picked as "&$D46,IF(COUNTIFS($A$5:$A$1668,$A46,$D$5:$D$1668,"Gross winner")=0,"Pick this week's gross winner",IF(COUNTIFS($A$5:$A$1668,$A46,$D$5:$D$1668,"Net winner")=0,"Pick this week's net winner","OK")))))))
A47: 46400 | E47: =IF(OR($B47="",NOT(ISNUMBER($C47))),"",COUNTIFS($A$5:$A$1668,$A47,$C$5:$C$1668,"<"&$C47)+1) | F47: =IF(OR($B47="",NOT(ISNUMBER($C47))),"",COUNTIFS($A$5:$A$1668,$A47,$C$5:$C$1668,">0")) | G47: =IF(OR($B47="",NOT(ISNUMBER($C47))),"",IF($D47<>"",ROUND(Points!$B$6*IF($F47<Points!$H$4,Points!$H$5,1),0),ROUND(Points!$B$6*IF($F47<=1,1,Points!$H$7+(1-Points!$H$7)*((($F47-$E47)*(($F47-$E47)+1)/2)^2-((($F47-$E47-COUNTIFS($A$5:$A$1668,$A47,$C$5:$C$1668,$C47)+1)-1)*($F47-$E47-COUNTIFS($A$5:$A$1668,$A47,$C$5:$C$1668,$C47)+1)/2)^2)/(COUNTIFS($A$5:$A$1668,$A47,$C$5:$C$1668,$C47)*($F47-1)^3))*IF($F47<Points!$H$4,Points!$H$5,1),0))) | H47: =IF($G47="","",COUNTIFS($B$5:$B$1668,$B47,$G$5:$G$1668,">"&$G47)+COUNTIFS($B$4:$B46,$B47,$G$4:$G46,$G47)+1) | I47: =IF($G47="","",IF($H47<=Points!$H$6,$G47,0)) | J47: =IF($B47="","",IF(COUNTIF(Players!$A$2:$A$500,$B47)=0,"Player is not on the Players tab",IF(NOT(ISNUMBER($C47)),"Enter a gross score",IF(COUNTIFS($A$5:$A$1668,$A47,$B$5:$B$1668,$B47)>1,"Player is listed twice this week",IF(AND($D47<>"",COUNTIFS($A$5:$A$1668,$A47,$D$5:$D$1668,$D47)>1),"Two players picked as "&$D47,IF(COUNTIFS($A$5:$A$1668,$A47,$D$5:$D$1668,"Gross winner")=0,"Pick this week's gross winner",IF(COUNTIFS($A$5:$A$1668,$A47,$D$5:$D$1668,"Net winner")=0,"Pick this week's net winner","OK")))))))
A48: 46400 | E48: =IF(OR($B48="",NOT(ISNUMBER($C48))),"",COUNTIFS($A$5:$A$1668,$A48,$C$5:$C$1668,"<"&$C48)+1) | F48: =IF(OR($B48="",NOT(ISNUMBER($C48))),"",COUNTIFS($A$5:$A$1668,$A48,$C$5:$C$1668,">0")) | G48: =IF(OR($B48="",NOT(ISNUMBER($C48))),"",IF($D48<>"",ROUND(Points!$B$6*IF($F48<Points!$H$4,Points!$H$5,1),0),ROUND(Points!$B$6*IF($F48<=1,1,Points!$H$7+(1-Points!$H$7)*((($F48-$E48)*(($F48-$E48)+1)/2)^2-((($F48-$E48-COUNTIFS($A$5:$A$1668,$A48,$C$5:$C$1668,$C48)+1)-1)*($F48-$E48-COUNTIFS($A$5:$A$1668,$A48,$C$5:$C$1668,$C48)+1)/2)^2)/(COUNTIFS($A$5:$A$1668,$A48,$C$5:$C$1668,$C48)*($F48-1)^3))*IF($F48<Points!$H$4,Points!$H$5,1),0))) | H48: =IF($G48="","",COUNTIFS($B$5:$B$1668,$B48,$G$5:$G$1668,">"&$G48)+COUNTIFS($B$4:$B47,$B48,$G$4:$G47,$G48)+1) | I48: =IF($G48="","",IF($H48<=Points!$H$6,$G48,0)) | J48: =IF($B48="","",IF(COUNTIF(Players!$A$2:$A$500,$B48)=0,"Player is not on the Players tab",IF(NOT(ISNUMBER($C48)),"Enter a gross score",IF(COUNTIFS($A$5:$A$1668,$A48,$B$5:$B$1668,$B48)>1,"Player is listed twice this week",IF(AND($D48<>"",COUNTIFS($A$5:$A$1668,$A48,$D$5:$D$1668,$D48)>1),"Two players picked as "&$D48,IF(COUNTIFS($A$5:$A$1668,$A48,$D$5:$D$1668,"Gross winner")=0,"Pick this week's gross winner",IF(COUNTIFS($A$5:$A$1668,$A48,$D$5:$D$1668,"Net winner")=0,"Pick this week's net winner","OK")))))))
A49: 46400 | E49: =IF(OR($B49="",NOT(ISNUMBER($C49))),"",COUNTIFS($A$5:$A$1668,$A49,$C$5:$C$1668,"<"&$C49)+1) | F49: =IF(OR($B49="",NOT(ISNUMBER($C49))),"",COUNTIFS($A$5:$A$1668,$A49,$C$5:$C$1668,">0")) | G49: =IF(OR($B49="",NOT(ISNUMBER($C49))),"",IF($D49<>"",ROUND(Points!$B$6*IF($F49<Points!$H$4,Points!$H$5,1),0),ROUND(Points!$B$6*IF($F49<=1,1,Points!$H$7+(1-Points!$H$7)*((($F49-$E49)*(($F49-$E49)+1)/2)^2-((($F49-$E49-COUNTIFS($A$5:$A$1668,$A49,$C$5:$C$1668,$C49)+1)-1)*($F49-$E49-COUNTIFS($A$5:$A$1668,$A49,$C$5:$C$1668,$C49)+1)/2)^2)/(COUNTIFS($A$5:$A$1668,$A49,$C$5:$C$1668,$C49)*($F49-1)^3))*IF($F49<Points!$H$4,Points!$H$5,1),0))) | H49: =IF($G49="","",COUNTIFS($B$5:$B$1668,$B49,$G$5:$G$1668,">"&$G49)+COUNTIFS($B$4:$B48,$B49,$G$4:$G48,$G49)+1) | I49: =IF($G49="","",IF($H49<=Points!$H$6,$G49,0)) | J49: =IF($B49="","",IF(COUNTIF(Players!$A$2:$A$500,$B49)=0,"Player is not on the Players tab",IF(NOT(ISNUMBER($C49)),"Enter a gross score",IF(COUNTIFS($A$5:$A$1668,$A49,$B$5:$B$1668,$B49)>1,"Player is listed twice this week",IF(AND($D49<>"",COUNTIFS($A$5:$A$1668,$A49,$D$5:$D$1668,$D49)>1),"Two players picked as "&$D49,IF(COUNTIFS($A$5:$A$1668,$A49,$D$5:$D$1668,"Gross winner")=0,"Pick this week's gross winner",IF(COUNTIFS($A$5:$A$1668,$A49,$D$5:$D$1668,"Net winner")=0,"Pick this week's net winner","OK")))))))
... A67: 46400 | E67: =IF(OR($B67="",NOT(ISNUMBER($C67))),"",COUNTIFS($A$5:$A$1668,$A67,$C$5:$C$1668,"<"&$C67)+1) | F67: =IF(OR($B67="",NOT(ISNUMBER($C67))),"",COUNTIFS($A$5:$A$1668,$A67,$C$5:$C$1668,">0")) | G67: =IF(OR($B67="",NOT(ISNUMBER($C67))),"",IF($D67<>"",ROUND(Points!$B$6*IF($F67<Points!$H$4,Points!$H$5,1),0),ROUND(Points!$B$6*IF($F67<=1,1,Points!$H$7+(1-Points!$H$7)*((($F67-$E67)*(($F67-$E67)+1)/2)^2-((($F67-$E67-COUNTIFS($A$5:$A$1668,$A67,$C$5:$C$1668,$C67)+1)-1)*($F67-$E67-COUNTIFS($A$5:$A$1668,$A67,$C$5:$C$1668,$C67)+1)/2)^2)/(COUNTIFS($A$5:$A$1668,$A67,$C$5:$C$1668,$C67)*($F67-1)^3))*IF($F67<Points!$H$4,Points!$H$5,1),0))) | H67: =IF($G67="","",COUNTIFS($B$5:$B$1668,$B67,$G$5:$G$1668,">"&$G67)+COUNTIFS($B$4:$B66,$B67,$G$4:$G66,$G67)+1) | I67: =IF($G67="","",IF($H67<=Points!$H$6,$G67,0)) | J67: =IF($B67="","",IF(COUNTIF(Players!$A$2:$A$500,$B67)=0,"Player is not on the Players tab",IF(NOT(ISNUMBER($C67)),"Enter a gross score",IF(COUNTIFS($A$5:$A$1668,$A67,$B$5:$B$1668,$B67)>1,"Player is listed twice this week",IF(AND($D67<>"",COUNTIFS($A$5:$A$1668,$A67,$D$5:$D$1668,$D67)>1),"Two players picked as "&$D67,IF(COUNTIFS($A$5:$A$1668,$A67,$D$5:$D$1668,"Gross winner")=0,"Pick this week's gross winner",IF(COUNTIFS($A$5:$A$1668,$A67,$D$5:$D$1668,"Net winner")=0,"Pick this week's net winner","OK")))))))
A69: Week 3 · Wednesday, Jan 20
A70: 46407 | E70: =IF(OR($B70="",NOT(ISNUMBER($C70))),"",COUNTIFS($A$5:$A$1668,$A70,$C$5:$C$1668,"<"&$C70)+1) | F70: =IF(OR($B70="",NOT(ISNUMBER($C70))),"",COUNTIFS($A$5:$A$1668,$A70,$C$5:$C$1668,">0")) | G70: =IF(OR($B70="",NOT(ISNUMBER($C70))),"",IF($D70<>"",ROUND(Points!$B$6*IF($F70<Points!$H$4,Points!$H$5,1),0),ROUND(Points!$B$6*IF($F70<=1,1,Points!$H$7+(1-Points!$H$7)*((($F70-$E70)*(($F70-$E70)+1)/2)^2-((($F70-$E70-COUNTIFS($A$5:$A$1668,$A70,$C$5:$C$1668,$C70)+1)-1)*($F70-$E70-COUNTIFS($A$5:$A$1668,$A70,$C$5:$C$1668,$C70)+1)/2)^2)/(COUNTIFS($A$5:$A$1668,$A70,$C$5:$C$1668,$C70)*($F70-1)^3))*IF($F70<Points!$H$4,Points!$H$5,1),0))) | H70: =IF($G70="","",COUNTIFS($B$5:$B$1668,$B70,$G$5:$G$1668,">"&$G70)+COUNTIFS($B$4:$B69,$B70,$G$4:$G69,$G70)+1) | I70: =IF($G70="","",IF($H70<=Points!$H$6,$G70,0)) | J70: =IF($B70="","",IF(COUNTIF(Players!$A$2:$A$500,$B70)=0,"Player is not on the Players tab",IF(NOT(ISNUMBER($C70)),"Enter a gross score",IF(COUNTIFS($A$5:$A$1668,$A70,$B$5:$B$1668,$B70)>1,"Player is listed twice this week",IF(AND($D70<>"",COUNTIFS($A$5:$A$1668,$A70,$D$5:$D$1668,$D70)>1),"Two players picked as "&$D70,IF(COUNTIFS($A$5:$A$1668,$A70,$D$5:$D$1668,"Gross winner")=0,"Pick this week's gross winner",IF(COUNTIFS($A$5:$A$1668,$A70,$D$5:$D$1668,"Net winner")=0,"Pick this week's net winner","OK")))))))
A71: 46407 | E71: =IF(OR($B71="",NOT(ISNUMBER($C71))),"",COUNTIFS($A$5:$A$1668,$A71,$C$5:$C$1668,"<"&$C71)+1) | F71: =IF(OR($B71="",NOT(ISNUMBER($C71))),"",COUNTIFS($A$5:$A$1668,$A71,$C$5:$C$1668,">0")) | G71: =IF(OR($B71="",NOT(ISNUMBER($C71))),"",IF($D71<>"",ROUND(Points!$B$6*IF($F71<Points!$H$4,Points!$H$5,1),0),ROUND(Points!$B$6*IF($F71<=1,1,Points!$H$7+(1-Points!$H$7)*((($F71-$E71)*(($F71-$E71)+1)/2)^2-((($F71-$E71-COUNTIFS($A$5:$A$1668,$A71,$C$5:$C$1668,$C71)+1)-1)*($F71-$E71-COUNTIFS($A$5:$A$1668,$A71,$C$5:$C$1668,$C71)+1)/2)^2)/(COUNTIFS($A$5:$A$1668,$A71,$C$5:$C$1668,$C71)*($F71-1)^3))*IF($F71<Points!$H$4,Points!$H$5,1),0))) | H71: =IF($G71="","",COUNTIFS($B$5:$B$1668,$B71,$G$5:$G$1668,">"&$G71)+COUNTIFS($B$4:$B70,$B71,$G$4:$G70,$G71)+1) | I71: =IF($G71="","",IF($H71<=Points!$H$6,$G71,0)) | J71: =IF($B71="","",IF(COUNTIF(Players!$A$2:$A$500,$B71)=0,"Player is not on the Players tab",IF(NOT(ISNUMBER($C71)),"Enter a gross score",IF(COUNTIFS($A$5:$A$1668,$A71,$B$5:$B$1668,$B71)>1,"Player is listed twice this week",IF(AND($D71<>"",COUNTIFS($A$5:$A$1668,$A71,$D$5:$D$1668,$D71)>1),"Two players picked as "&$D71,IF(COUNTIFS($A$5:$A$1668,$A71,$D$5:$D$1668,"Gross winner")=0,"Pick this week's gross winner",IF(COUNTIFS($A$5:$A$1668,$A71,$D$5:$D$1668,"Net winner")=0,"Pick this week's net winner","OK")))))))
A72: 46407 | E72: =IF(OR($B72="",NOT(ISNUMBER($C72))),"",COUNTIFS($A$5:$A$1668,$A72,$C$5:$C$1668,"<"&$C72)+1) | F72: =IF(OR($B72="",NOT(ISNUMBER($C72))),"",COUNTIFS($A$5:$A$1668,$A72,$C$5:$C$1668,">0")) | G72: =IF(OR($B72="",NOT(ISNUMBER($C72))),"",IF($D72<>"",ROUND(Points!$B$6*IF($F72<Points!$H$4,Points!$H$5,1),0),ROUND(Points!$B$6*IF($F72<=1,1,Points!$H$7+(1-Points!$H$7)*((($F72-$E72)*(($F72-$E72)+1)/2)^2-((($F72-$E72-COUNTIFS($A$5:$A$1668,$A72,$C$5:$C$1668,$C72)+1)-1)*($F72-$E72-COUNTIFS($A$5:$A$1668,$A72,$C$5:$C$1668,$C72)+1)/2)^2)/(COUNTIFS($A$5:$A$1668,$A72,$C$5:$C$1668,$C72)*($F72-1)^3))*IF($F72<Points!$H$4,Points!$H$5,1),0))) | H72: =IF($G72="","",COUNTIFS($B$5:$B$1668,$B72,$G$5:$G$1668,">"&$G72)+COUNTIFS($B$4:$B71,$B72,$G$4:$G71,$G72)+1) | I72: =IF($G72="","",IF($H72<=Points!$H$6,$G72,0)) | J72: =IF($B72="","",IF(COUNTIF(Players!$A$2:$A$500,$B72)=0,"Player is not on the Players tab",IF(NOT(ISNUMBER($C72)),"Enter a gross score",IF(COUNTIFS($A$5:$A$1668,$A72,$B$5:$B$1668,$B72)>1,"Player is listed twice this week",IF(AND($D72<>"",COUNTIFS($A$5:$A$1668,$A72,$D$5:$D$1668,$D72)>1),"Two players picked as "&$D72,IF(COUNTIFS($A$5:$A$1668,$A72,$D$5:$D$1668,"Gross winner")=0,"Pick this week's gross winner",IF(COUNTIFS($A$5:$A$1668,$A72,$D$5:$D$1668,"Net winner")=0,"Pick this week's net winner","OK")))))))
A73: 46407 | E73: =IF(OR($B73="",NOT(ISNUMBER($C73))),"",COUNTIFS($A$5:$A$1668,$A73,$C$5:$C$1668,"<"&$C73)+1) | F73: =IF(OR($B73="",NOT(ISNUMBER($C73))),"",COUNTIFS($A$5:$A$1668,$A73,$C$5:$C$1668,">0")) | G73: =IF(OR($B73="",NOT(ISNUMBER($C73))),"",IF($D73<>"",ROUND(Points!$B$6*IF($F73<Points!$H$4,Points!$H$5,1),0),ROUND(Points!$B$6*IF($F73<=1,1,Points!$H$7+(1-Points!$H$7)*((($F73-$E73)*(($F73-$E73)+1)/2)^2-((($F73-$E73-COUNTIFS($A$5:$A$1668,$A73,$C$5:$C$1668,$C73)+1)-1)*($F73-$E73-COUNTIFS($A$5:$A$1668,$A73,$C$5:$C$1668,$C73)+1)/2)^2)/(COUNTIFS($A$5:$A$1668,$A73,$C$5:$C$1668,$C73)*($F73-1)^3))*IF($F73<Points!$H$4,Points!$H$5,1),0))) | H73: =IF($G73="","",COUNTIFS($B$5:$B$1668,$B73,$G$5:$G$1668,">"&$G73)+COUNTIFS($B$4:$B72,$B73,$G$4:$G72,$G73)+1) | I73: =IF($G73="","",IF($H73<=Points!$H$6,$G73,0)) | J73: =IF($B73="","",IF(COUNTIF(Players!$A$2:$A$500,$B73)=0,"Player is not on the Players tab",IF(NOT(ISNUMBER($C73)),"Enter a gross score",IF(COUNTIFS($A$5:$A$1668,$A73,$B$5:$B$1668,$B73)>1,"Player is listed twice this week",IF(AND($D73<>"",COUNTIFS($A$5:$A$1668,$A73,$D$5:$D$1668,$D73)>1),"Two players picked as "&$D73,IF(COUNTIFS($A$5:$A$1668,$A73,$D$5:$D$1668,"Gross winner")=0,"Pick this week's gross winner",IF(COUNTIFS($A$5:$A$1668,$A73,$D$5:$D$1668,"Net winner")=0,"Pick this week's net winner","OK")))))))
A74: 46407 | E74: =IF(OR($B74="",NOT(ISNUMBER($C74))),"",COUNTIFS($A$5:$A$1668,$A74,$C$5:$C$1668,"<"&$C74)+1) | F74: =IF(OR($B74="",NOT(ISNUMBER($C74))),"",COUNTIFS($A$5:$A$1668,$A74,$C$5:$C$1668,">0")) | G74: =IF(OR($B74="",NOT(ISNUMBER($C74))),"",IF($D74<>"",ROUND(Points!$B$6*IF($F74<Points!$H$4,Points!$H$5,1),0),ROUND(Points!$B$6*IF($F74<=1,1,Points!$H$7+(1-Points!$H$7)*((($F74-$E74)*(($F74-$E74)+1)/2)^2-((($F74-$E74-COUNTIFS($A$5:$A$1668,$A74,$C$5:$C$1668,$C74)+1)-1)*($F74-$E74-COUNTIFS($A$5:$A$1668,$A74,$C$5:$C$1668,$C74)+1)/2)^2)/(COUNTIFS($A$5:$A$1668,$A74,$C$5:$C$1668,$C74)*($F74-1)^3))*IF($F74<Points!$H$4,Points!$H$5,1),0))) | H74: =IF($G74="","",COUNTIFS($B$5:$B$1668,$B74,$G$5:$G$1668,">"&$G74)+COUNTIFS($B$4:$B73,$B74,$G$4:$G73,$G74)+1) | I74: =IF($G74="","",IF($H74<=Points!$H$6,$G74,0)) | J74: =IF($B74="","",IF(COUNTIF(Players!$A$2:$A$500,$B74)=0,"Player is not on the Players tab",IF(NOT(ISNUMBER($C74)),"Enter a gross score",IF(COUNTIFS($A$5:$A$1668,$A74,$B$5:$B$1668,$B74)>1,"Player is listed twice this week",IF(AND($D74<>"",COUNTIFS($A$5:$A$1668,$A74,$D$5:$D$1668,$D74)>1),"Two players picked as "&$D74,IF(COUNTIFS($A$5:$A$1668,$A74,$D$5:$D$1668,"Gross winner")=0,"Pick this week's gross winner",IF(COUNTIFS($A$5:$A$1668,$A74,$D$5:$D$1668,"Net winner")=0,"Pick this week's net winner","OK")))))))
A75: 46407 | E75: =IF(OR($B75="",NOT(ISNUMBER($C75))),"",COUNTIFS($A$5:$A$1668,$A75,$C$5:$C$1668,"<"&$C75)+1) | F75: =IF(OR($B75="",NOT(ISNUMBER($C75))),"",COUNTIFS($A$5:$A$1668,$A75,$C$5:$C$1668,">0")) | G75: =IF(OR($B75="",NOT(ISNUMBER($C75))),"",IF($D75<>"",ROUND(Points!$B$6*IF($F75<Points!$H$4,Points!$H$5,1),0),ROUND(Points!$B$6*IF($F75<=1,1,Points!$H$7+(1-Points!$H$7)*((($F75-$E75)*(($F75-$E75)+1)/2)^2-((($F75-$E75-COUNTIFS($A$5:$A$1668,$A75,$C$5:$C$1668,$C75)+1)-1)*($F75-$E75-COUNTIFS($A$5:$A$1668,$A75,$C$5:$C$1668,$C75)+1)/2)^2)/(COUNTIFS($A$5:$A$1668,$A75,$C$5:$C$1668,$C75)*($F75-1)^3))*IF($F75<Points!$H$4,Points!$H$5,1),0))) | H75: =IF($G75="","",COUNTIFS($B$5:$B$1668,$B75,$G$5:$G$1668,">"&$G75)+COUNTIFS($B$4:$B74,$B75,$G$4:$G74,$G75)+1) | I75: =IF($G75="","",IF($H75<=Points!$H$6,$G75,0)) | J75: =IF($B75="","",IF(COUNTIF(Players!$A$2:$A$500,$B75)=0,"Player is not on the Players tab",IF(NOT(ISNUMBER($C75)),"Enter a gross score",IF(COUNTIFS($A$5:$A$1668,$A75,$B$5:$B$1668,$B75)>1,"Player is listed twice this week",IF(AND($D75<>"",COUNTIFS($A$5:$A$1668,$A75,$D$5:$D$1668,$D75)>1),"Two players picked as "&$D75,IF(COUNTIFS($A$5:$A$1668,$A75,$D$5:$D$1668,"Gross winner")=0,"Pick this week's gross winner",IF(COUNTIFS($A$5:$A$1668,$A75,$D$5:$D$1668,"Net winner")=0,"Pick this week's net winner","OK")))))))
A76: 46407 | E76: =IF(OR($B76="",NOT(ISNUMBER($C76))),"",COUNTIFS($A$5:$A$1668,$A76,$C$5:$C$1668,"<"&$C76)+1) | F76: =IF(OR($B76="",NOT(ISNUMBER($C76))),"",COUNTIFS($A$5:$A$1668,$A76,$C$5:$C$1668,">0")) | G76: =IF(OR($B76="",NOT(ISNUMBER($C76))),"",IF($D76<>"",ROUND(Points!$B$6*IF($F76<Points!$H$4,Points!$H$5,1),0),ROUND(Points!$B$6*IF($F76<=1,1,Points!$H$7+(1-Points!$H$7)*((($F76-$E76)*(($F76-$E76)+1)/2)^2-((($F76-$E76-COUNTIFS($A$5:$A$1668,$A76,$C$5:$C$1668,$C76)+1)-1)*($F76-$E76-COUNTIFS($A$5:$A$1668,$A76,$C$5:$C$1668,$C76)+1)/2)^2)/(COUNTIFS($A$5:$A$1668,$A76,$C$5:$C$1668,$C76)*($F76-1)^3))*IF($F76<Points!$H$4,Points!$H$5,1),0))) | H76: =IF($G76="","",COUNTIFS($B$5:$B$1668,$B76,$G$5:$G$1668,">"&$G76)+COUNTIFS($B$4:$B75,$B76,$G$4:$G75,$G76)+1) | I76: =IF($G76="","",IF($H76<=Points!$H$6,$G76,0)) | J76: =IF($B76="","",IF(COUNTIF(Players!$A$2:$A$500,$B76)=0,"Player is not on the Players tab",IF(NOT(ISNUMBER($C76)),"Enter a gross score",IF(COUNTIFS($A$5:$A$1668,$A76,$B$5:$B$1668,$B76)>1,"Player is listed twice this week",IF(AND($D76<>"",COUNTIFS($A$5:$A$1668,$A76,$D$5:$D$1668,$D76)>1),"Two players picked as "&$D76,IF(COUNTIFS($A$5:$A$1668,$A76,$D$5:$D$1668,"Gross winner")=0,"Pick this week's gross winner",IF(COUNTIFS($A$5:$A$1668,$A76,$D$5:$D$1668,"Net winner")=0,"Pick this week's net winner","OK")))))))
A77: 46407 | E77: =IF(OR($B77="",NOT(ISNUMBER($C77))),"",COUNTIFS($A$5:$A$1668,$A77,$C$5:$C$1668,"<"&$C77)+1) | F77: =IF(OR($B77="",NOT(ISNUMBER($C77))),"",COUNTIFS($A$5:$A$1668,$A77,$C$5:$C$1668,">0")) | G77: =IF(OR($B77="",NOT(ISNUMBER($C77))),"",IF($D77<>"",ROUND(Points!$B$6*IF($F77<Points!$H$4,Points!$H$5,1),0),ROUND(Points!$B$6*IF($F77<=1,1,Points!$H$7+(1-Points!$H$7)*((($F77-$E77)*(($F77-$E77)+1)/2)^2-((($F77-$E77-COUNTIFS($A$5:$A$1668,$A77,$C$5:$C$1668,$C77)+1)-1)*($F77-$E77-COUNTIFS($A$5:$A$1668,$A77,$C$5:$C$1668,$C77)+1)/2)^2)/(COUNTIFS($A$5:$A$1668,$A77,$C$5:$C$1668,$C77)*($F77-1)^3))*IF($F77<Points!$H$4,Points!$H$5,1),0))) | H77: =IF($G77="","",COUNTIFS($B$5:$B$1668,$B77,$G$5:$G$1668,">"&$G77)+COUNTIFS($B$4:$B76,$B77,$G$4:$G76,$G77)+1) | I77: =IF($G77="","",IF($H77<=Points!$H$6,$G77,0)) | J77: =IF($B77="","",IF(COUNTIF(Players!$A$2:$A$500,$B77)=0,"Player is not on the Players tab",IF(NOT(ISNUMBER($C77)),"Enter a gross score",IF(COUNTIFS($A$5:$A$1668,$A77,$B$5:$B$1668,$B77)>1,"Player is listed twice this week",IF(AND($D77<>"",COUNTIFS($A$5:$A$1668,$A77,$D$5:$D$1668,$D77)>1),"Two players picked as "&$D77,IF(COUNTIFS($A$5:$A$1668,$A77,$D$5:$D$1668,"Gross winner")=0,"Pick this week's gross winner",IF(COUNTIFS($A$5:$A$1668,$A77,$D$5:$D$1668,"Net winner")=0,"Pick this week's net winner","OK")))))))
A78: 46407 | E78: =IF(OR($B78="",NOT(ISNUMBER($C78))),"",COUNTIFS($A$5:$A$1668,$A78,$C$5:$C$1668,"<"&$C78)+1) | F78: =IF(OR($B78="",NOT(ISNUMBER($C78))),"",COUNTIFS($A$5:$A$1668,$A78,$C$5:$C$1668,">0")) | G78: =IF(OR($B78="",NOT(ISNUMBER($C78))),"",IF($D78<>"",ROUND(Points!$B$6*IF($F78<Points!$H$4,Points!$H$5,1),0),ROUND(Points!$B$6*IF($F78<=1,1,Points!$H$7+(1-Points!$H$7)*((($F78-$E78)*(($F78-$E78)+1)/2)^2-((($F78-$E78-COUNTIFS($A$5:$A$1668,$A78,$C$5:$C$1668,$C78)+1)-1)*($F78-$E78-COUNTIFS($A$5:$A$1668,$A78,$C$5:$C$1668,$C78)+1)/2)^2)/(COUNTIFS($A$5:$A$1668,$A78,$C$5:$C$1668,$C78)*($F78-1)^3))*IF($F78<Points!$H$4,Points!$H$5,1),0))) | H78: =IF($G78="","",COUNTIFS($B$5:$B$1668,$B78,$G$5:$G$1668,">"&$G78)+COUNTIFS($B$4:$B77,$B78,$G$4:$G77,$G78)+1) | I78: =IF($G78="","",IF($H78<=Points!$H$6,$G78,0)) | J78: =IF($B78="","",IF(COUNTIF(Players!$A$2:$A$500,$B78)=0,"Player is not on the Players tab",IF(NOT(ISNUMBER($C78)),"Enter a gross score",IF(COUNTIFS($A$5:$A$1668,$A78,$B$5:$B$1668,$B78)>1,"Player is listed twice this week",IF(AND($D78<>"",COUNTIFS($A$5:$A$1668,$A78,$D$5:$D$1668,$D78)>1),"Two players picked as "&$D78,IF(COUNTIFS($A$5:$A$1668,$A78,$D$5:$D$1668,"Gross winner")=0,"Pick this week's gross winner",IF(COUNTIFS($A$5:$A$1668,$A78,$D$5:$D$1668,"Net winner")=0,"Pick this week's net winner","OK")))))))
A79: 46407 | E79: =IF(OR($B79="",NOT(ISNUMBER($C79))),"",COUNTIFS($A$5:$A$1668,$A79,$C$5:$C$1668,"<"&$C79)+1) | F79: =IF(OR($B79="",NOT(ISNUMBER($C79))),"",COUNTIFS($A$5:$A$1668,$A79,$C$5:$C$1668,">0")) | G79: =IF(OR($B79="",NOT(ISNUMBER($C79))),"",IF($D79<>"",ROUND(Points!$B$6*IF($F79<Points!$H$4,Points!$H$5,1),0),ROUND(Points!$B$6*IF($F79<=1,1,Points!$H$7+(1-Points!$H$7)*((($F79-$E79)*(($F79-$E79)+1)/2)^2-((($F79-$E79-COUNTIFS($A$5:$A$1668,$A79,$C$5:$C$1668,$C79)+1)-1)*($F79-$E79-COUNTIFS($A$5:$A$1668,$A79,$C$5:$C$1668,$C79)+1)/2)^2)/(COUNTIFS($A$5:$A$1668,$A79,$C$5:$C$1668,$C79)*($F79-1)^3))*IF($F79<Points!$H$4,Points!$H$5,1),0))) | H79: =IF($G79="","",COUNTIFS($B$5:$B$1668,$B79,$G$5:$G$1668,">"&$G79)+COUNTIFS($B$4:$B78,$B79,$G$4:$G78,$G79)+1) | I79: =IF($G79="","",IF($H79<=Points!$H$6,$G79,0)) | J79: =IF($B79="","",IF(COUNTIF(Players!$A$2:$A$500,$B79)=0,"Player is not on the Players tab",IF(NOT(ISNUMBER($C79)),"Enter a gross score",IF(COUNTIFS($A$5:$A$1668,$A79,$B$5:$B$1668,$B79)>1,"Player is listed twice this week",IF(AND($D79<>"",COUNTIFS($A$5:$A$1668,$A79,$D$5:$D$1668,$D79)>1),"Two players picked as "&$D79,IF(COUNTIFS($A$5:$A$1668,$A79,$D$5:$D$1668,"Gross winner")=0,"Pick this week's gross winner",IF(COUNTIFS($A$5:$A$1668,$A79,$D$5:$D$1668,"Net winner")=0,"Pick this week's net winner","OK")))))))
A80: 46407 | E80: =IF(OR($B80="",NOT(ISNUMBER($C80))),"",COUNTIFS($A$5:$A$1668,$A80,$C$5:$C$1668,"<"&$C80)+1) | F80: =IF(OR($B80="",NOT(ISNUMBER($C80))),"",COUNTIFS($A$5:$A$1668,$A80,$C$5:$C$1668,">0")) | G80: =IF(OR($B80="",NOT(ISNUMBER($C80))),"",IF($D80<>"",ROUND(Points!$B$6*IF($F80<Points!$H$4,Points!$H$5,1),0),ROUND(Points!$B$6*IF($F80<=1,1,Points!$H$7+(1-Points!$H$7)*((($F80-$E80)*(($F80-$E80)+1)/2)^2-((($F80-$E80-COUNTIFS($A$5:$A$1668,$A80,$C$5:$C$1668,$C80)+1)-1)*($F80-$E80-COUNTIFS($A$5:$A$1668,$A80,$C$5:$C$1668,$C80)+1)/2)^2)/(COUNTIFS($A$5:$A$1668,$A80,$C$5:$C$1668,$C80)*($F80-1)^3))*IF($F80<Points!$H$4,Points!$H$5,1),0))) | H80: =IF($G80="","",COUNTIFS($B$5:$B$1668,$B80,$G$5:$G$1668,">"&$G80)+COUNTIFS($B$4:$B79,$B80,$G$4:$G79,$G80)+1) | I80: =IF($G80="","",IF($H80<=Points!$H$6,$G80,0)) | J80: =IF($B80="","",IF(COUNTIF(Players!$A$2:$A$500,$B80)=0,"Player is not on the Players tab",IF(NOT(ISNUMBER($C80)),"Enter a gross score",IF(COUNTIFS($A$5:$A$1668,$A80,$B$5:$B$1668,$B80)>1,"Player is listed twice this week",IF(AND($D80<>"",COUNTIFS($A$5:$A$1668,$A80,$D$5:$D$1668,$D80)>1),"Two players picked as "&$D80,IF(COUNTIFS($A$5:$A$1668,$A80,$D$5:$D$1668,"Gross winner")=0,"Pick this week's gross winner",IF(COUNTIFS($A$5:$A$1668,$A80,$D$5:$D$1668,"Net winner")=0,"Pick this week's net winner","OK")))))))
